BestFit,WorstFit,MeanFit,Longest,shortest,MeanLength,SelectedLable
2.571774959564209,3.4028234663852886e+38,1.8875036415105898e+38,50,1,17.171875,1
0.0,4.010287761688232,2.6758905481547117,50,1,17.171875,1
0.0,4.010287761688232,2.6924047954380512,50,1,17.171875,1
0.0,4.010287761688232,2.6959310304373503,50,1,17.171875,1
0.0,4.010287761688232,2.661577772349119,50,1,17.171875,1
0.0,4.010287761688232,2.708538442850113,50,1,17.171875,1
0.0,4.010287761688232,2.686764173209667,50,1,17.171875,1
0.0,4.010287761688232,2.644512439146638,50,1,17.171875,1
0.0,4.010287761688232,2.6828668024390936,50,1,17.171875,1
0.0,4.010287761688232,2.695664294064045,50,1,17.171875,1
0.0,4.010287761688232,2.672141518443823,50,1,17.171875,1
0.0,4.010287761688232,2.705893574282527,50,1,17.171875,1
0.0,4.010287761688232,2.7153993137180805,50,1,17.171875,1
0.0,4.010287761688232,2.681059166789055,50,1,17.171875,1
0.0,4.010287761688232,2.657321134582162,50,1,17.171875,1
0.0,4.010287761688232,2.7084423694759607,50,1,17.171875,1
0.0,4.010287761688232,2.6772104427218437,50,1,17.171875,1
0.0,4.010287761688232,2.6728895343840122,50,1,17.171875,1
0.0,4.010287761688232,2.6702034790068865,50,1,17.171875,1
0.0,4.010287761688232,2.6895519141107798,50,1,17.171875,1
0.0,4.010287761688232,2.700224271044135,50,1,17.171875,1
0.0,4.010287761688232,2.6646027080714703,50,1,17.171875,1
0.0,4.010287761688232,2.675888430327177,50,1,17.171875,1
0.0,4.010287761688232,2.6779126189649105,50,1,17.171875,1
0.0,4.010287761688232,2.6758954133838415,50,1,17.171875,1
0.0,4.010287761688232,2.7016008496284485,50,1,17.171875,1
0.0,4.010287761688232,2.6631314624100924,50,1,17.171875,1
0.0,4.010287761688232,2.6604395285248756,50,1,17.171875,1
0.0,4.010287761688232,2.7111242450773716,50,1,17.171875,1
0.0,4.010287761688232,2.684115696698427,50,1,17.171875,1
0.0,4.010287761688232,2.668884666636586,50,1,17.171875,1
0.0,4.010287761688232,2.6695218328386545,50,1,17.171875,1
0.0,4.010287761688232,2.7034108992666006,50,1,17.171875,1
0.0,4.010287761688232,2.689773205667734,50,1,17.171875,1
0.0,4.010287761688232,2.696448201313615,50,1,17.171875,1
0.0,4.010287761688232,2.692980909720063,50,1,17.171875,1
0.0,4.010287761688232,2.676359210163355,50,1,17.171875,1
0.0,4.010287761688232,2.7041647657752037,50,1,17.171875,1
0.0,4.010287761688232,2.68331890553236,50,1,17.171875,1
0.0,4.010287761688232,2.700323600322008,50,1,17.171875,1
0.0,4.010287761688232,2.6951870881021023,50,1,17.171875,1
0.0,4.010287761688232,2.676256002858281,50,1,17.171875,1
0.0,4.010287761688232,2.683409994468093,50,1,17.171875,1
0.0,4.010287761688232,2.6561640109866858,50,1,17.171875,1
0.0,4.010287761688232,2.676380544900894,50,1,17.171875,1
0.0,4.010287761688232,2.6771144587546587,50,1,17.171875,1
0.0,4.010287761688232,2.7062291279435158,50,1,17.171875,1
0.0,4.010287761688232,2.701540494337678,50,1,17.171875,1
0.0,4.010287761688232,2.675837306305766,50,1,17.171875,1
0.0,4.010287761688232,2.6728404201567173,50,1,17.171875,1
0.0,4.010287761688232,2.70342249982059,50,1,17.171875,1
0.0,4.010287761688232,2.6859713178128004,50,1,17.171875,1
0.0,4.010287761688232,2.6519991364330053,50,1,17.171875,1
0.0,4.010287761688232,2.704219290986657,50,1,17.171875,1
0.0,4.010287761688232,2.695721371099353,50,1,17.171875,1
0.0,4.010287761688232,2.6646579038351774,50,1,17.171875,1
0.0,4.010287761688232,2.6751046795397997,50,1,17.171875,1
0.0,4.010287761688232,2.6596986036747694,50,1,17.171875,1
0.0,4.010287761688232,2.641546944156289,50,1,17.171875,1
0.0,4.010287761688232,2.6825869381427765,50,1,17.171875,1
0.0,4.010287761688232,2.677944352850318,50,1,17.171875,1
0.0,4.010287761688232,2.6959895566105843,50,1,17.171875,1
0.0,4.010287761688232,2.7084923405200243,50,1,17.171875,1
0.0,4.010287761688232,2.696520045399666,50,1,17.171875,1
0.0,4.010287761688232,2.654888005927205,50,1,17.171875,1
0.0,4.010287761688232,2.642815014347434,50,1,17.171875,1
0.0,4.010287761688232,2.6402331478893757,50,1,17.171875,1
0.0,4.010287761688232,2.6694255489856005,50,1,17.171875,1
0.0,4.010287761688232,2.6650849115103483,50,1,17.171875,1
0.0,4.010287761688232,2.6983961798250675,50,1,17.171875,1
0.0,4.010287761688232,2.713401012122631,50,1,17.171875,1
0.0,4.010287761688232,2.704219290986657,50,1,17.171875,1
0.0,4.010287761688232,2.7064220122992992,50,1,17.171875,1
0.0,4.010287761688232,2.6877506878226995,50,1,17.171875,1
0.0,4.010287761688232,2.665878726169467,50,1,17.171875,1
0.0,4.010287761688232,2.665129592642188,50,1,17.171875,1
0.0,4.010287761688232,2.711595157161355,50,1,17.171875,1
0.0,4.010287761688232,2.687804654240608,50,1,17.171875,1
0.0,4.010287761688232,2.695940164849162,50,1,17.171875,1
0.0,4.010287761688232,2.700204035267234,50,1,17.171875,1
0.0,4.010287761688232,2.6902785785496235,50,1,17.171875,1
0.0,4.010287761688232,2.652742400765419,50,1,17.171875,1
0.0,4.010287761688232,2.6937191747128963,50,1,17.171875,1
0.0,4.010287761688232,2.6764755621552467,50,1,17.171875,1
0.0,4.010287761688232,2.6825831085443497,50,1,17.171875,1
0.0,4.010287761688232,2.708456128835678,50,1,17.171875,1
0.0,4.010287761688232,2.6515364293009043,50,1,17.171875,1
0.0,4.010287761688232,2.6676078028976917,50,1,17.171875,1
0.0,4.010287761688232,2.682803785428405,50,1,17.171875,1
0.0,4.010287761688232,2.652740517631173,50,1,17.171875,1
0.0,4.010287761688232,2.688748190179467,50,1,17.171875,1
0.0,4.010287761688232,2.676385035738349,50,1,17.171875,1
0.0,4.010287761688232,2.6758481729775667,50,1,17.171875,1
0.0,4.010287761688232,2.6963479947298765,50,1,17.171875,1
0.0,4.010287761688232,2.696459636092186,50,1,17.171875,1
0.0,4.010287761688232,2.679264649748802,50,1,17.171875,1
0.0,4.010287761688232,2.671051040291786,50,1,17.171875,1
0.0,4.010287761688232,2.615872012451291,50,1,17.171875,1
0.0,4.010287761688232,2.679421830922365,50,1,17.171875,1
0.0,4.010287761688232,2.6372906677424908,50,1,17.171875,1
0.0,4.010287761688232,2.681807428598404,50,1,17.171875,1
0.0,4.010287761688232,2.660443529486656,50,1,17.171875,1
0.0,4.010287761688232,2.665860667824745,50,1,17.171875,1
0.0,4.010287761688232,2.674621559679508,50,1,17.171875,1
0.0,4.010287761688232,2.6756168603897095,50,1,17.171875,1
0.0,4.010287761688232,2.698201412335038,50,1,17.171875,1
0.0,4.010287761688232,2.6484503634274006,50,1,17.171875,1
0.0,4.010287761688232,2.666864277794957,50,1,17.171875,1
0.0,4.010287761688232,2.6507300548255444,50,1,17.171875,1
0.0,4.010287761688232,2.6758295558393,50,1,17.171875,1
0.0,4.010287761688232,2.69238692894578,50,1,17.171875,1
0.0,4.010287761688232,2.706431146711111,50,1,17.171875,1
0.0,4.010287761688232,2.7049043886363506,50,1,17.171875,1
0.0,4.010287761688232,2.6554225366562605,50,1,17.171875,1
0.0,4.010287761688232,2.696683580055833,50,1,17.171875,1
0.0,4.010287761688232,2.6720805261284113,50,1,17.171875,1
0.0,4.010287761688232,2.664393987506628,50,1,17.171875,1
0.0,4.010287761688232,2.7141322754323483,50,1,17.171875,1
0.0,4.010287761688232,2.6998852472752333,50,1,17.171875,1
0.0,4.010287761688232,2.6891802977770567,50,1,17.171875,1
0.0,4.010287761688232,2.6764383129775524,50,1,17.171875,1
0.0,4.010287761688232,2.7153872326016426,50,1,17.171875,1
0.0,4.010287761688232,2.6951870899647474,50,1,17.171875,1
0.0,4.010287761688232,2.6840598061680794,50,1,17.171875,1
0.0,4.010287761688232,2.6623412929475307,50,1,17.171875,1
0.0,4.010287761688232,2.6979416217654943,50,1,17.171875,1
0.0,4.010287761688232,2.6756250262260437,50,1,17.171875,1
0.0,4.010287761688232,2.695904551073909,50,1,17.171875,1
0.0,4.010287761688232,2.6980019751936197,50,1,17.171875,1
0.0,4.010287761688232,2.6889883186668158,50,1,17.171875,1
0.0,4.010287761688232,2.704219290986657,50,1,17.171875,1
0.0,4.010287761688232,2.6758351642638445,50,1,17.171875,1
0.0,4.010287761688232,2.6444998662918806,50,1,17.171875,1
0.0,4.010287761688232,2.694973971694708,50,1,17.171875,1
0.0,4.010287761688232,2.6865005921572447,50,1,17.171875,1
0.0,4.010287761688232,2.665388509631157,50,1,17.171875,1
0.0,4.010287761688232,2.6638534255325794,50,1,17.171875,1
0.0,4.010287761688232,2.66895261220634,50,1,17.171875,1
0.0,4.010287761688232,2.6694633066654205,50,1,17.171875,1
0.0,4.010287761688232,2.690506825223565,50,1,17.171875,1
0.0,4.010287761688232,2.6994762551039457,50,1,17.171875,1
0.0,4.010287761688232,2.6902997456490993,50,1,17.171875,1
0.0,4.010287761688232,2.697996575385332,50,1,17.171875,1
0.0,4.010287761688232,2.6945685856044292,50,1,17.171875,1
0.0,4.010287761688232,2.686064053326845,50,1,17.171875,1
0.0,4.010287761688232,2.700795730575919,50,1,17.171875,1
0.0,4.010287761688232,2.696787241846323,50,1,17.171875,1
0.0,4.010287761688232,2.7015880029648542,50,1,17.171875,1
0.0,4.010287761688232,2.69945858232677,50,1,17.171875,1
0.0,4.010287761688232,2.668655762448907,50,1,17.171875,1
0.0,4.010287761688232,2.6969421822577715,50,1,17.171875,1
0.0,4.010287761688232,2.675897564738989,50,1,17.171875,1
0.0,4.010287761688232,2.696523029357195,50,1,17.171875,1
0.0,4.010287761688232,2.701488684862852,50,1,17.171875,1
0.0,4.010287761688232,2.700733819976449,50,1,17.171875,1
0.0,4.010287761688232,2.6994703337550163,50,1,17.171875,1
0.0,4.010287761688232,2.64344572275877,50,1,17.171875,1
0.0,4.010287761688232,2.6980030331760645,50,1,17.171875,1
0.0,4.010287761688232,2.668028151616454,50,1,17.171875,1
0.0,4.010287761688232,2.698978751897812,50,1,17.171875,1
0.0,4.010287761688232,2.6709572207182646,50,1,17.171875,1
0.0,4.010287761688232,2.694621754810214,50,1,17.171875,1
0.0,4.010287761688232,2.6646019015461206,50,1,17.171875,1
0.0,4.010287761688232,2.6779741272330284,50,1,17.171875,1
0.0,4.010287761688232,2.707756543532014,50,1,17.171875,1
0.0,4.010287761688232,2.6923867501318455,50,1,17.171875,1
0.0,4.010287761688232,2.7022186629474163,50,1,17.171875,1
0.0,4.010287761688232,2.665855299681425,50,1,17.171875,1
0.0,4.010287761688232,2.7042101565748453,50,1,17.171875,1
0.0,4.010287761688232,2.7077584266662598,50,1,17.171875,1
0.0,4.010287761688232,2.6952004060149193,50,1,17.171875,1
0.0,4.010287761688232,2.704144861549139,50,1,17.171875,1
0.0,4.010287761688232,2.6758365724235773,50,1,17.171875,1
0.0,4.010287761688232,2.672888917848468,50,1,17.171875,1
0.0,4.010287761688232,2.671612912788987,50,1,17.171875,1
0.0,4.010287761688232,2.679793255403638,50,1,17.171875,1
0.0,4.010287761688232,2.6507409047335386,50,1,17.171875,1
0.0,4.010287761688232,2.684059167280793,50,1,17.171875,1
0.0,4.010287761688232,2.701543129980564,50,1,17.171875,1
0.0,4.010287761688232,2.6817309260368347,50,1,17.171875,1
0.0,4.010287761688232,2.69651816226542,50,1,17.171875,1
0.0,4.010287761688232,2.6876956187188625,50,1,17.171875,1
0.0,4.010287761688232,2.701648997142911,50,1,17.171875,1
0.0,4.010287761688232,2.672301786020398,50,1,17.171875,1
0.0,4.010287761688232,2.6945874206721783,50,1,17.171875,1
0.0,4.010287761688232,2.674572167918086,50,1,17.171875,1
0.0,4.010287761688232,2.6751085817813873,50,1,17.171875,1
0.0,4.010287761688232,2.675828143954277,50,1,17.171875,1
0.0,4.010287761688232,2.7001923620700836,50,1,17.171875,1
0.0,4.010287761688232,2.6833234913647175,50,1,17.171875,1
0.0,4.010287761688232,2.645269623026252,50,1,17.171875,1
0.0,4.010287761688232,2.653565786778927,50,1,17.171875,1
0.0,4.010287761688232,2.6676222048699856,50,1,17.171875,1
0.0,4.010287761688232,2.69730737619102,50,1,17.171875,1
0.0,4.010287761688232,2.693721292540431,50,1,17.171875,1
0.0,4.010287761688232,2.6771610509604216,50,1,17.171875,1
0.0,4.010287761688232,2.695721983909607,50,1,17.171875,1
0.0,4.010287761688232,2.667664621025324,50,1,17.171875,1
0.0,4.010287761688232,2.6514715291559696,50,1,17.171875,1
0.0,4.010287761688232,2.6840653885155916,50,1,17.171875,1
0.0,4.010287761688232,2.6758559811860323,50,1,17.171875,1
0.0,4.010287761688232,2.6283724680542946,50,1,17.171875,1
0.0,4.010287761688232,2.684066304937005,50,1,17.171875,1
0.0,4.010287761688232,2.706432718783617,50,1,17.171875,1
0.0,4.010287761688232,2.6515268459916115,50,1,17.171875,1
0.0,4.010287761688232,2.6597055196762085,50,1,17.171875,1
0.0,4.010287761688232,2.700276091694832,50,1,17.171875,1
0.0,4.010287761688232,2.6947376430034637,50,1,17.171875,1
0.0,4.010287761688232,2.704221174120903,50,1,17.171875,1
0.0,4.010287761688232,2.7029432859271765,50,1,17.171875,1
0.0,4.010287761688232,2.650942923501134,50,1,17.171875,1
0.0,4.010287761688232,2.6735790353268385,50,1,17.171875,1
0.0,4.010287761688232,2.700323600322008,50,1,17.171875,1
0.0,4.010287761688232,2.6685426458716393,50,1,17.171875,1
0.0,4.010287761688232,2.684815587475896,50,1,17.171875,1
0.0,4.010287761688232,2.660543428733945,50,1,17.171875,1
0.0,4.010287761688232,2.706431146711111,50,1,17.171875,1
0.0,4.010287761688232,2.6681120954453945,50,1,17.171875,1
0.0,4.010287761688232,2.6389348972588778,50,1,17.171875,1
0.0,4.010287761688232,2.6998852472752333,50,1,17.171875,1
0.0,4.010287761688232,2.6361381858587265,50,1,17.171875,1
0.0,4.010287761688232,2.6930317245423794,50,1,17.171875,1
0.0,4.010287761688232,2.6859690360724926,50,1,17.171875,1
0.0,4.010287761688232,2.70100867934525,50,1,17.171875,1
0.0,4.010287761688232,2.6736273504793644,50,1,17.171875,1
0.0,4.010287761688232,2.7067012153565884,50,1,17.171875,1
0.0,4.010287761688232,2.707705309614539,50,1,17.171875,1
0.0,4.010287761688232,2.627159168943763,50,1,17.171875,1
0.0,4.010287761688232,2.7007237281650305,50,1,17.171875,1
0.0,4.010287761688232,2.6663509253412485,50,1,17.171875,1
0.0,4.010287761688232,2.664659183472395,50,1,17.171875,1
0.0,4.010287761688232,2.7002148162573576,50,1,17.171875,1
0.0,4.010287761688232,2.695980589836836,50,1,17.171875,1
0.0,4.010287761688232,2.6805290523916483,50,1,17.171875,1
0.0,4.010287761688232,2.66661324352026,50,1,17.171875,1
0.0,4.010287761688232,2.6728305593132973,50,1,17.171875,1
0.0,4.010287761688232,2.6697308532893658,50,1,17.171875,1
0.0,4.010287761688232,2.7098625153303146,50,1,17.171875,1
0.0,4.010287761688232,2.6951766032725573,50,1,17.171875,1
0.0,4.010287761688232,2.6999962497502565,50,1,17.171875,1
0.0,4.010287761688232,2.695402592420578,50,1,17.171875,1
0.0,4.010287761688232,2.672834472730756,50,1,17.171875,1
0.0,4.010287761688232,2.668925216421485,50,1,17.171875,1
0.0,4.010287761688232,2.67643397860229,50,1,17.171875,1
0.0,4.010287761688232,2.692932238802314,50,1,17.171875,1
0.0,4.010287761688232,2.6763676442205906,50,1,17.171875,1
0.0,4.010287761688232,2.695940164849162,50,1,17.171875,1
0.0,4.010287761688232,2.697984991595149,50,1,17.171875,1
0.0,4.010287761688232,2.6852310057729483,50,1,17.171875,1
0.0,4.010287761688232,2.692502034828067,50,1,17.171875,1
0.0,4.010287761688232,2.6083649061620235,50,1,17.171875,1
0.0,4.010287761688232,2.6527296006679535,50,1,17.171875,1
0.0,4.010287761688232,2.684862034395337,50,1,17.171875,1
0.0,4.010287761688232,2.669056348502636,50,1,17.171875,1
0.0,4.010287761688232,2.71192230284214,50,1,17.171875,1
0.0,4.010287761688232,2.6945096496492624,50,1,17.171875,1
0.0,4.010287761688232,2.6608467288315296,50,1,17.171875,1
0.0,4.010287761688232,2.7002652417868376,50,1,17.171875,1
0.0,4.010287761688232,2.676377395167947,50,1,17.171875,1
0.0,4.010287761688232,2.6346022225916386,50,1,17.171875,1
0.0,4.010287761688232,2.620946003124118,50,1,17.171875,1
0.0,4.010287761688232,2.662438193336129,50,1,17.171875,1
0.0,4.010287761688232,2.696461519226432,50,1,17.171875,1
0.0,4.010287761688232,2.708440450951457,50,1,17.171875,1
0.0,4.010287761688232,2.7014411818236113,50,1,17.171875,1
0.0,4.010287761688232,2.6986260171979666,50,1,17.171875,1
0.0,4.010287761688232,2.704168790951371,50,1,17.171875,1
0.0,4.010287761688232,2.688167652115226,50,1,17.171875,1
0.0,4.010287761688232,2.6476634107530117,50,1,17.171875,1
0.0,4.010287761688232,2.6841291822493076,50,1,17.171875,1
0.0,4.010287761688232,2.628372773528099,50,1,17.171875,1
0.0,4.010287761688232,2.645097680389881,50,1,17.171875,1
0.0,4.010287761688232,2.7014818247407675,50,1,17.171875,1
0.0,4.010287761688232,2.652735933661461,50,1,17.171875,1
0.0,4.010287761688232,2.693765863776207,50,1,17.171875,1
0.0,4.010287761688232,2.6929108072072268,50,1,17.171875,1
0.0,4.010287761688232,2.689023308455944,50,1,17.171875,1
0.0,4.010287761688232,2.6715519204735756,50,1,17.171875,1
0.0,4.010287761688232,2.6728908009827137,50,1,17.171875,1
0.0,4.010287761688232,2.673824768513441,50,1,17.171875,1
0.0,4.010287761688232,2.7016346640884876,50,1,17.171875,1
0.0,4.010287761688232,2.675897564738989,50,1,17.171875,1
0.0,4.010287761688232,2.679281424731016,50,1,17.171875,1
0.0,4.010287761688232,2.7015418633818626,50,1,17.171875,1
0.0,4.010287761688232,2.6756293792277575,50,1,17.171875,1
0.0,4.010287761688232,2.70020086504519,50,1,17.171875,1
0.0,4.010287761688232,2.6715545542538166,50,1,17.171875,1
0.0,4.010287761688232,2.682596292346716,50,1,17.171875,1
0.0,4.010287761688232,2.676727531477809,50,1,17.171875,1
0.0,4.010287761688232,2.6719713509082794,50,1,17.171875,1
0.0,4.010287761688232,2.6492596734315157,50,1,17.171875,1
0.0,4.010287761688232,2.6527969259768724,50,1,17.171875,1
0.0,4.010287761688232,2.677825642749667,50,1,17.171875,1
0.0,4.010287761688232,2.675897564738989,50,1,17.171875,1
0.0,4.010287761688232,2.676567818969488,50,1,17.171875,1
0.0,4.010287761688232,2.706414984539151,50,1,17.171875,1
0.0,4.010287761688232,2.6971986014395952,50,1,17.171875,1
0.0,4.010287761688232,2.69599143974483,50,1,17.171875,1
0.0,4.010287761688232,2.643649624660611,50,1,17.171875,1
0.0,4.010287761688232,2.6702067758888006,50,1,17.171875,1
0.0,4.010287761688232,2.672843474894762,50,1,17.171875,1
0.0,4.010287761688232,2.6778637412935495,50,1,17.171875,1
0.0,4.010287761688232,2.6728799510747194,50,1,17.171875,1
0.0,4.010287761688232,2.675897564738989,50,1,17.171875,1
0.0,4.010287761688232,2.7015906386077404,50,1,17.171875,1
0.0,4.010287761688232,2.656218521296978,50,1,17.171875,1
0.0,4.010287761688232,2.6522702034562826,50,1,17.171875,1
0.0,4.010287761688232,2.68331890553236,50,1,17.171875,1
0.0,4.010287761688232,2.700735153630376,50,1,17.171875,1
0.0,4.010287761688232,2.6959310304373503,50,1,17.171875,1
0.0,4.010287761688232,2.6527969259768724,50,1,17.171875,1
0.0,4.010287761688232,2.68674698472023,50,1,17.171875,1
0.0,4.010287761688232,2.692046357318759,50,1,17.171875,1
0.0,4.010287761688232,2.6689951103180647,50,1,17.171875,1
0.0,4.010287761688232,2.6663334667682648,50,1,17.171875,1
0.0,4.010287761688232,2.652790332213044,50,1,17.171875,1
0.0,4.010287761688232,2.682866185903549,50,1,17.171875,1
0.0,4.010287761688232,2.6929321344941854,50,1,17.171875,1
0.0,4.010287761688232,2.6971819065511227,50,1,17.171875,1
0.0,4.010287761688232,2.676355293020606,50,1,17.171875,1
0.0,4.010287761688232,2.6689127814024687,50,1,17.171875,1
0.0,4.010287761688232,2.711168460547924,50,1,17.171875,1
0.0,4.010287761688232,2.633333982899785,50,1,17.171875,1
0.0,4.010287761688232,2.6994684506207705,50,1,17.171875,1
0.0,4.010287761688232,2.697187751531601,50,1,17.171875,1
0.0,4.010287761688232,2.6946629974991083,50,1,17.171875,1
0.0,4.010287761688232,2.6736316066235304,50,1,17.171875,1
0.0,4.010287761688232,2.6749799977988005,50,1,17.171875,1
0.0,4.010287761688232,2.6903155986219645,50,1,17.171875,1
0.0,4.010287761688232,2.6465627942234278,50,1,17.171875,1
0.0,4.010287761688232,2.6278441678732634,50,1,17.171875,1
0.0,4.010287761688232,2.683348083868623,50,1,17.171875,1
0.0,4.010287761688232,2.692184118553996,50,1,17.171875,1
0.0,4.010287761688232,2.67711566016078,50,1,17.171875,1
0.0,4.010287761688232,2.66158695705235,50,1,17.171875,1
0.0,4.010287761688232,2.648443430662155,50,1,17.171875,1
0.0,4.010287761688232,2.6890172082930803,50,1,17.171875,1
0.0,4.010287761688232,2.652756981551647,50,1,17.171875,1
0.0,4.010287761688232,2.6839620247483253,50,1,17.171875,1
0.0,4.010287761688232,2.6951811630278826,50,1,17.171875,1
0.0,4.010287761688232,2.6894789822399616,50,1,17.171875,1
0.0,4.010287761688232,2.6534731090068817,50,1,17.171875,1
0.0,4.010287761688232,2.700735853984952,50,1,17.171875,1
0.0,4.010287761688232,2.67984264716506,50,1,17.171875,1
0.0,4.010287761688232,2.67724035307765,50,1,17.171875,1
0.0,4.010287761688232,2.707168249413371,50,1,17.171875,1
0.0,4.010287761688232,2.69592952914536,50,1,17.171875,1
0.0,4.010287761688232,2.6676203217357397,50,1,17.171875,1
0.0,4.010287761688232,2.6916600596159697,50,1,17.171875,1
0.0,4.010287761688232,2.668873665854335,50,1,17.171875,1
0.0,4.010287761688232,2.689494304358959,50,1,17.171875,1
0.0,4.010287761688232,2.704155007377267,50,1,17.171875,1
0.0,4.010287761688232,2.668006816878915,50,1,17.171875,1
0.0,4.010287761688232,2.675897564738989,50,1,17.171875,1
0.0,4.010287761688232,2.670832896605134,50,1,17.171875,1
0.0,4.010287761688232,2.672827623784542,50,1,17.171875,1
0.0,4.010287761688232,2.6597082652151585,50,1,17.171875,1
0.0,4.010287761688232,2.691031636670232,50,1,17.171875,1
0.0,4.010287761688232,2.696448201313615,50,1,17.171875,1
0.0,4.010287761688232,2.6982020288705826,50,1,17.171875,1
0.0,4.010287761688232,2.693790338933468,50,1,17.171875,1
0.0,4.010287761688232,2.696516999974847,50,1,17.171875,1
0.0,4.010287761688232,2.6696141120046377,50,1,17.171875,1
0.0,4.010287761688232,2.6527969259768724,50,1,17.171875,1
0.0,4.010287761688232,2.6959241814911366,50,1,17.171875,1
0.0,4.010287761688232,2.6995333917438984,50,1,17.171875,1
0.0,4.010287761688232,2.672141518443823,50,1,17.171875,1
0.0,4.010287761688232,2.6771852113306522,50,1,17.171875,1
0.0,4.010287761688232,2.7029600609093904,50,1,17.171875,1
0.0,4.010287761688232,2.704225705936551,50,1,17.171875,1
0.0,4.010287761688232,2.7028813753277063,50,1,17.171875,1
0.0,4.010287761688232,2.675897564738989,50,1,17.171875,1
0.0,4.010287761688232,2.679793255403638,50,1,17.171875,1
0.0,4.010287761688232,2.7084326036274433,50,1,17.171875,1
0.0,4.010287761688232,2.7084969263523817,50,1,17.171875,1
0.0,4.010287761688232,2.696461519226432,50,1,17.171875,1
0.0,4.010287761688232,2.7000554148107767,50,1,17.171875,1
0.0,4.010287761688232,2.6688642613589764,50,1,17.171875,1
0.0,4.010287761688232,2.681531822308898,50,1,17.171875,1
0.0,4.010287761688232,2.68468776345253,50,1,17.171875,1
0.0,4.010287761688232,2.668604265898466,50,1,17.171875,1
0.0,4.010287761688232,2.7015395779162645,50,1,17.171875,1
0.0,4.010287761688232,2.694644708186388,50,1,17.171875,1
0.0,4.010287761688232,2.6748819798231125,50,1,17.171875,1
0.0,4.010287761688232,2.6263623777776957,50,1,17.171875,1
0.0,4.010287761688232,2.668877400457859,50,1,17.171875,1
0.0,4.010287761688232,2.7071663178503513,50,1,17.171875,1
0.0,4.010287761688232,2.695721371099353,50,1,17.171875,1
0.0,4.010287761688232,2.6452309358865023,50,1,17.171875,1
0.0,4.010287761688232,2.699450923129916,50,1,17.171875,1
0.0,4.010287761688232,2.692355379462242,50,1,17.171875,1
0.0,4.010287761688232,2.6739932522177696,50,1,17.171875,1
0.0,4.010287761688232,2.691707568243146,50,1,17.171875,1
0.0,4.010287761688232,2.659172657877207,50,1,17.171875,1
0.0,4.010287761688232,2.7014831248670816,50,1,17.171875,1
0.0,4.010287761688232,2.6799916736781597,50,1,17.171875,1
0.0,4.010287761688232,2.7014852203428745,50,1,17.171875,1
0.0,4.010287761688232,2.6697198897600174,50,1,17.171875,1
0.0,4.010287761688232,2.663321267813444,50,1,17.171875,1
0.0,4.010287761688232,2.690284237265587,50,1,17.171875,1
0.0,4.010287761688232,2.6894709579646587,50,1,17.171875,1
0.0,4.010287761688232,2.673685709014535,50,1,17.171875,1
0.0,4.010287761688232,2.7064195461571217,50,1,17.171875,1
0.0,4.010287761688232,2.596357401460409,50,1,17.171875,1
0.0,4.010287761688232,2.709911907091737,50,1,17.171875,1
0.0,4.010287761688232,2.702689992263913,50,1,17.171875,1
0.0,4.010287761688232,2.6938515845686197,50,1,17.171875,1
0.0,4.010287761688232,2.711123628541827,50,1,17.171875,1
0.0,4.010287761688232,2.7002285830676556,50,1,17.171875,1
0.0,4.010287761688232,2.665357807651162,50,1,17.171875,1
0.0,4.010287761688232,2.6512527354061604,50,1,17.171875,1
0.0,4.010287761688232,2.6785815339535475,50,1,17.171875,1
0.0,4.010287761688232,2.6514715291559696,50,1,17.171875,1
0.0,4.010287761688232,2.6994623243808746,50,1,17.171875,1
0.0,4.010287761688232,2.619287872686982,50,1,17.171875,1
0.0,4.010287761688232,2.7078981436789036,50,1,17.171875,1
0.0,4.010287761688232,2.6477233581244946,50,1,17.171875,1
0.0,4.010287761688232,2.707166027277708,50,1,17.171875,1
0.0,4.010287761688232,2.661641402170062,50,1,17.171875,1
0.0,4.010287761688232,2.7000079061836004,50,1,17.171875,1
0.0,4.010287761688232,2.700323600322008,50,1,17.171875,1
0.0,4.010287761688232,2.6833293456584215,50,1,17.171875,1
0.0,4.010287761688232,2.700063055381179,50,1,17.171875,1
0.0,4.010287761688232,2.6947135515511036,50,1,17.171875,1
0.0,4.010287761688232,2.6735789738595486,50,1,17.171875,1
0.0,4.010287761688232,2.6765902247279882,50,1,17.171875,1
0.0,4.010287761688232,2.6930611673742533,50,1,17.171875,1
0.0,4.010287761688232,2.7041998393833637,50,1,17.171875,1
0.0,4.010287761688232,2.7015429623425007,50,1,17.171875,1
0.0,4.010287761688232,2.714660881087184,50,1,17.171875,1
0.0,4.010287761688232,2.7015293799340725,50,1,17.171875,1
0.0,4.010287761688232,2.698203295469284,50,1,17.171875,1
0.0,4.010287761688232,2.6751007735729218,50,1,17.171875,1
0.0,4.010287761688232,2.697185115888715,50,1,17.171875,1
0.0,4.010287761688232,2.6756370197981596,50,1,17.171875,1
0.0,4.010287761688232,2.676367811858654,50,1,17.171875,1
0.0,4.010287761688232,2.652749417349696,50,1,17.171875,1
0.0,4.010287761688232,2.643663354218006,50,1,17.171875,1
0.0,4.010287761688232,2.6854316983371973,50,1,17.171875,1
0.0,4.010287761688232,2.6971988528966904,50,1,17.171875,1
0.0,4.010287761688232,2.649725016206503,50,1,17.171875,1
0.0,4.010287761688232,2.706421373412013,50,1,17.171875,1
0.0,4.010287761688232,2.6840650476515293,50,1,17.171875,1
0.0,4.010287761688232,2.6151239965111017,50,1,17.171875,1
0.0,4.010287761688232,2.6959895566105843,50,1,17.171875,1
0.0,4.010287761688232,2.6758500561118126,50,1,17.171875,1
0.0,4.010287761688232,2.700738601386547,50,1,17.171875,1
0.0,4.010287761688232,2.6972661782056093,50,1,17.171875,1
0.0,4.010287761688232,2.671565404161811,50,1,17.171875,1
0.0,4.010287761688232,2.640687232837081,50,1,17.171875,1
0.0,4.010287761688232,2.6772238556295633,50,1,17.171875,1
0.0,4.010287761688232,2.684053786098957,50,1,17.171875,1
0.0,4.010287761688232,2.6982061751186848,50,1,17.171875,1
0.0,4.010287761688232,2.6929225511848927,50,1,17.171875,1
0.0,4.010287761688232,2.6736187487840652,50,1,17.171875,1
0.0,4.010287761688232,2.703471891582012,50,1,17.171875,1
0.0,4.010287761688232,2.697272039949894,50,1,17.171875,1
0.0,4.010287761688232,2.6989880576729774,50,1,17.171875,1
0.0,4.010287761688232,2.6577092204242945,50,1,17.171875,1
0.0,4.010287761688232,2.6728284247219563,50,1,17.171875,1
0.0,4.010287761688232,2.6419715471565723,50,1,17.171875,1
0.0,4.010287761688232,2.69592641107738,50,1,17.171875,1
0.0,4.010287761688232,2.6745656840503216,50,1,17.171875,1
0.0,4.010287761688232,2.708420669659972,50,1,17.171875,1
0.0,4.010287761688232,2.675846330821514,50,1,17.171875,1
0.0,4.010287761688232,2.700323600322008,50,1,17.171875,1
0.0,4.010287761688232,2.6728310082107782,50,1,17.171875,1
0.0,4.010287761688232,2.6688765101134777,50,1,17.171875,1
0.0,4.010287761688232,2.6946630515158176,50,1,17.171875,1
0.0,4.010287761688232,2.700746787711978,50,1,17.171875,1
0.0,4.010287761688232,2.707178546115756,50,1,17.171875,1
0.0,4.010287761688232,2.6659854743629694,50,1,17.171875,1
0.0,4.010287761688232,2.6924035288393497,50,1,17.171875,1
0.0,4.010287761688232,2.7003242168575525,50,1,17.171875,1
0.0,4.010287761688232,2.701512660831213,50,1,17.171875,1
0.0,4.010287761688232,2.67584097571671,50,1,17.171875,1
0.0,4.010287761688232,2.702398279681802,50,1,17.171875,1
0.0,4.010287761688232,2.677171418443322,50,1,17.171875,1
0.0,4.010287761688232,2.711123628541827,50,1,17.171875,1
0.0,4.010287761688232,2.676585854962468,50,1,17.171875,1
0.0,4.010287761688232,2.701493265107274,50,1,17.171875,1
0.0,4.010287761688232,2.6766468472778797,50,1,17.171875,1
0.0,4.010287761688232,2.6886468660086393,50,1,17.171875,1
0.0,4.010287761688232,2.664384514093399,50,1,17.171875,1
0.0,4.010287761688232,2.6534900553524494,50,1,17.171875,1
0.0,4.010287761688232,2.708499064669013,50,1,17.171875,1
0.0,4.010287761688232,2.6771547347307205,50,1,17.171875,1
0.0,4.010287761688232,2.695930391550064,50,1,17.171875,1
0.0,4.010287761688232,2.696450151503086,50,1,17.171875,1
0.0,4.010287761688232,2.670832896605134,50,1,17.171875,1
0.0,4.010287761688232,2.6272069308906794,50,1,17.171875,1
0.0,4.010287761688232,2.689379286020994,50,1,17.171875,1
0.0,4.010287761688232,2.6471641566604376,50,1,17.171875,1
0.0,4.010287761688232,2.6951870527118444,50,1,17.171875,1
0.0,4.010287761688232,2.6723511777818203,50,1,17.171875,1
0.0,4.010287761688232,2.691081028431654,50,1,17.171875,1
0.0,4.010287761688232,2.6791157592087984,50,1,17.171875,1
0.0,4.010287761688232,2.669395174831152,50,1,17.171875,1
0.0,4.010287761688232,2.691117772832513,50,1,17.171875,1
0.0,4.010287761688232,2.6479226741939783,50,1,17.171875,1
0.0,4.010287761688232,2.628370890393853,50,1,17.171875,1
0.0,4.010287761688232,2.6709465347230434,50,1,17.171875,1
0.0,4.010287761688232,2.701524917036295,50,1,17.171875,1
0.0,4.010287761688232,2.707171780988574,50,1,17.171875,1
0.0,4.010287761688232,2.700276091694832,50,1,17.171875,1
0.0,4.010287761688232,2.6750836949795485,50,1,17.171875,1
0.0,4.010287761688232,2.6829498540610075,50,1,17.171875,1
0.0,4.010287761688232,2.70769801735878,50,1,17.171875,1
0.0,4.010287761688232,2.6892270259559155,50,1,17.171875,1
0.0,4.010287761688232,2.675839189440012,50,1,17.171875,1
0.0,4.010287761688232,2.697218669578433,50,1,17.171875,1
0.0,4.010287761688232,2.6763670053333044,50,1,17.171875,1
0.0,4.010287761688232,2.7000041343271732,50,1,17.171875,1
0.0,4.010287761688232,2.7077090349048376,50,1,17.171875,1
0.0,4.010287761688232,2.695721371099353,50,1,17.171875,1
0.0,4.010287761688232,2.6628713477402925,50,1,17.171875,1
0.0,4.010287761688232,2.6937320753932,50,1,17.171875,1
0.0,4.010287761688232,2.6840816736221313,50,1,17.171875,1
0.0,4.010287761688232,2.7139777652919292,50,1,17.171875,1
0.0,4.010287761688232,2.697247365489602,50,1,17.171875,1
0.0,4.010287761688232,2.6999968886375427,50,1,17.171875,1
0.0,4.010287761688232,2.672827923670411,50,1,17.171875,1
0.0,4.010287761688232,2.659689662978053,50,1,17.171875,1
0.0,4.010287761688232,2.696413576602936,50,1,17.171875,1
0.0,4.010287761688232,2.6515209209173918,50,1,17.171875,1
0.0,4.010287761688232,2.677117094397545,50,1,17.171875,1
0.0,4.010287761688232,2.6457758713513613,50,1,17.171875,1
0.0,4.010287761688232,2.6993244849145412,50,1,17.171875,1
0.0,4.010287761688232,2.6994793005287647,50,1,17.171875,1
0.0,4.010287761688232,2.7015514466911554,50,1,17.171875,1
0.0,4.010287761688232,2.6812643613666296,50,1,17.171875,1
0.0,4.010287761688232,2.672822866588831,50,1,17.171875,1
0.0,4.010287761688232,2.6692906711250544,50,1,17.171875,1
0.0,4.010287761688232,2.7084179930388927,50,1,17.171875,1
0.0,4.010287761688232,2.6939046159386635,50,1,17.171875,1
0.0,4.010287761688232,2.672888917848468,50,1,17.171875,1
0.0,4.010287761688232,2.679048229008913,50,1,17.171875,1
0.0,4.010287761688232,2.674572167918086,50,1,17.171875,1
0.0,4.010287761688232,2.6966699957847595,50,1,17.171875,1
0.0,4.010287761688232,2.6926108691841364,50,1,17.171875,1
0.0,4.010287761688232,2.677154118195176,50,1,17.171875,1
0.0,4.010287761688232,2.700743703171611,50,1,17.171875,1
0.0,4.010287761688232,2.6833305079489946,50,1,17.171875,1
0.0,4.010287761688232,2.675368959084153,50,1,17.171875,1
0.0,4.010287761688232,2.677117543295026,50,1,17.171875,1
0.0,4.010287761688232,2.6758994478732347,50,1,17.171875,1
0.0,4.010287761688232,2.6924911104142666,50,1,17.171875,1
0.0,4.010287761688232,2.671563521027565,50,1,17.171875,1
0.0,4.010287761688232,2.6590659096837044,50,1,17.171875,1
0.0,4.010287761688232,2.6708220466971397,50,1,17.171875,1
0.0,4.010287761688232,2.666397750377655,50,1,17.171875,1
0.0,4.010287761688232,2.693780979141593,50,1,17.171875,1
0.0,4.010287761688232,2.6660177558660507,50,1,17.171875,1
0.0,4.010287761688232,2.70849422365427,50,1,17.171875,1
0.0,4.010287761688232,2.641515292227268,50,1,17.171875,1
0.0,4.010287761688232,2.6728109400719404,50,1,17.171875,1
0.0,4.010287761688232,2.7085027806460857,50,1,17.171875,1
0.0,4.010287761688232,2.7002754528075457,50,1,17.171875,1
0.0,4.010287761688232,2.692941041663289,50,1,17.171875,1
0.0,4.010287761688232,2.6620888896286488,50,1,17.171875,1
0.0,4.010287761688232,2.677157586440444,50,1,17.171875,1
0.0,4.010287761688232,2.676257885992527,50,1,17.171875,1
0.0,4.010287761688232,2.699000086635351,50,1,17.171875,1
0.0,4.010287761688232,2.6925768461078405,50,1,17.171875,1
0.0,4.010287761688232,2.6805297136306763,50,1,17.171875,1
0.0,4.010287761688232,2.7141322754323483,50,1,17.171875,1
0.0,4.010287761688232,2.675836570560932,50,1,17.171875,1
0.0,4.010287761688232,2.7006210442632437,50,1,17.171875,1
0.0,4.010287761688232,2.6841272991150618,50,1,17.171875,1
0.0,4.010287761688232,2.675841089338064,50,1,17.171875,1
0.0,4.010287761688232,2.6582788079977036,50,1,17.171875,1
0.0,4.010287761688232,2.68674698472023,50,1,17.171875,1
0.0,4.010287761688232,2.665868228301406,50,1,17.171875,1
0.0,4.010287761688232,2.697960251942277,50,1,17.171875,1
0.0,4.010287761688232,2.6964493189007044,50,1,17.171875,1
0.0,4.010287761688232,2.6771044079214334,50,1,17.171875,1
0.0,4.010287761688232,2.6492596734315157,50,1,17.171875,1
0.0,4.010287761688232,2.673824768513441,50,1,17.171875,1
0.0,4.010287761688232,2.6805120687931776,50,1,17.171875,1
0.0,4.010287761688232,2.639749374240637,50,1,17.171875,1
0.0,4.010287761688232,2.683379899710417,50,1,17.171875,1
0.0,4.010287761688232,2.7002749294042587,50,1,17.171875,1
0.0,4.010287761688232,2.6929141208529472,50,1,17.171875,1
0.0,4.010287761688232,2.6994704008102417,50,1,17.171875,1
0.0,4.010287761688232,2.6805705949664116,50,1,17.171875,1
0.0,4.010287761688232,2.6393798645585775,50,1,17.171875,1
0.0,4.010287761688232,2.6492499001324177,50,1,17.171875,1
0.0,4.010287761688232,2.6972661782056093,50,1,17.171875,1
0.0,4.010287761688232,2.7000114023685455,50,1,17.171875,1
0.0,4.010287761688232,2.6779537051916122,50,1,17.171875,1
0.0,4.010287761688232,2.6522226948291063,50,1,17.171875,1
0.0,4.010287761688232,2.6758365724235773,50,1,17.171875,1
0.0,4.010287761688232,2.701648997142911,50,1,17.171875,1
0.0,4.010287761688232,2.6887695249170065,50,1,17.171875,1
0.0,4.010287761688232,2.7002029083669186,50,1,17.171875,1
0.0,4.010287761688232,2.6868727263063192,50,1,17.171875,1
0.0,4.010287761688232,2.6766973230987787,50,1,17.171875,1
0.0,4.010287761688232,2.6771189775317907,50,1,17.171875,1
0.0,4.010287761688232,2.6438257172703743,50,1,17.171875,1
0.0,4.010287761688232,2.6971869990229607,50,1,17.171875,1
0.0,4.010287761688232,2.66111296415329,50,1,17.171875,1
0.0,4.010287761688232,2.7028847597539425,50,1,17.171875,1
0.0,4.010287761688232,2.7085058260709047,50,1,17.171875,1
0.0,4.010287761688232,2.682801902294159,50,1,17.171875,1
0.0,4.010287761688232,2.6910869535058737,50,1,17.171875,1
0.0,4.010287761688232,2.69999442063272,50,1,17.171875,1
0.0,4.010287761688232,2.6841272991150618,50,1,17.171875,1
0.0,4.010287761688232,2.705683747306466,50,1,17.171875,1
0.0,4.010287761688232,2.6561826691031456,50,1,17.171875,1
0.0,4.010287761688232,2.6514734122902155,50,1,17.171875,1
0.0,4.010287761688232,2.6972101628780365,50,1,17.171875,1
0.0,4.010287761688232,2.6771135423332453,50,1,17.171875,1
0.0,4.010287761688232,2.6445196829736233,50,1,17.171875,1
0.0,4.010287761688232,2.6994586773216724,50,1,17.171875,1
0.0,4.010287761688232,2.6931510772556067,50,1,17.171875,1
0.0,4.010287761688232,2.6756312623620033,50,1,17.171875,1
0.0,4.010287761688232,2.7041582968086004,50,1,17.171875,1
0.0,4.010287761688232,2.700056031346321,50,1,17.171875,1
0.0,4.010287761688232,2.6994780339300632,50,1,17.171875,1
0.0,4.010287761688232,2.69720396772027,50,1,17.171875,1
0.0,4.010287761688232,2.706433029845357,50,1,17.171875,1
0.0,4.010287761688232,2.6921432577073574,50,1,17.171875,1
0.0,4.010287761688232,2.6695218328386545,50,1,17.171875,1
0.0,4.010287761688232,2.672827297821641,50,1,17.171875,1
0.0,4.010287761688232,2.6685459073632956,50,1,17.171875,1
0.0,4.010287761688232,2.660430394113064,50,1,17.171875,1
0.0,4.010287761688232,2.664661066606641,50,1,17.171875,1
0.0,4.010287761688232,2.641575014218688,50,1,17.171875,1
0.0,4.010287761688232,2.6720856428146362,50,1,17.171875,1
0.0,4.010287761688232,2.6859503407031298,50,1,17.171875,1
0.0,4.010287761688232,2.686221668496728,50,1,17.171875,1
0.0,4.010287761688232,2.651462394744158,50,1,17.171875,1
0.0,4.010287761688232,2.689103877171874,50,1,17.171875,1
0.0,4.010287761688232,2.672092743217945,50,1,17.171875,1
0.0,4.010287761688232,2.6693425308912992,50,1,17.171875,1
0.0,4.010287761688232,2.7059044241905212,50,1,17.171875,1
0.0,4.010287761688232,2.672362195327878,50,1,17.171875,1
0.0,4.010287761688232,2.6889710389077663,50,1,17.171875,1
0.0,4.010287761688232,2.6763483602553606,50,1,17.171875,1
0.0,4.010287761688232,2.694511629641056,50,1,17.171875,1
0.0,4.010287761688232,2.690503031015396,50,1,17.171875,1
0.0,4.010287761688232,2.6652539558708668,50,1,17.171875,1
0.0,4.010287761688232,2.654888005927205,50,1,17.171875,1
0.0,4.010287761688232,2.69818652048707,50,1,17.171875,1
0.0,4.010287761688232,2.653484908863902,50,1,17.171875,1
0.0,4.010287761688232,2.6936579011380672,50,1,17.171875,1
0.0,4.010287761688232,2.702909506857395,50,1,17.171875,1
0.0,4.010287761688232,2.7034108974039555,50,1,17.171875,1
0.0,4.010287761688232,2.6758392062038183,50,1,17.171875,1
0.0,4.010287761688232,2.700954146683216,50,1,17.171875,1
0.0,4.010287761688232,2.668604265898466,50,1,17.171875,1
0.0,4.010287761688232,2.7041628155857325,50,1,17.171875,1
0.0,4.010287761688232,2.682801902294159,50,1,17.171875,1
0.0,4.010287761688232,2.7084462009370327,50,1,17.171875,1
0.0,4.010287761688232,2.6424976866692305,50,1,17.171875,1
0.0,4.010287761688232,2.693371754139662,50,1,17.171875,1
0.0,4.010287761688232,2.671563521027565,50,1,17.171875,1
0.0,4.010287761688232,2.723160684108734,50,1,17.171875,1
0.0,4.010287761688232,2.6758500561118126,50,1,17.171875,1
0.0,4.010287761688232,2.697984991595149,50,1,17.171875,1
0.0,4.010287761688232,2.6972564049065113,50,1,17.171875,1
0.0,4.010287761688232,2.7000516057014465,50,1,17.171875,1
0.0,4.010287761688232,2.678517250344157,50,1,17.171875,1
0.0,4.010287761688232,2.6658799573779106,50,1,17.171875,1
0.0,4.010287761688232,2.696511145681143,50,1,17.171875,1
0.0,4.010287761688232,2.672821957617998,50,1,17.171875,1
0.0,4.010287761688232,2.6720862817019224,50,1,17.171875,1
0.0,4.010287761688232,2.7153875436633825,50,1,17.171875,1
0.0,4.010287761688232,2.6338162813335657,50,1,17.171875,1
0.0,4.010287761688232,2.6735906694084406,50,1,17.171875,1
0.0,4.010287761688232,2.7049016132950783,50,1,17.171875,1
0.0,4.010287761688232,2.6760112401098013,50,1,17.171875,1
0.0,4.010287761688232,2.7028847597539425,50,1,17.171875,1
0.0,4.010287761688232,2.6779139526188374,50,1,17.171875,1
0.0,4.010287761688232,2.6840779073536396,50,1,17.171875,1
0.0,4.010287761688232,2.7041582968086004,50,1,17.171875,1
0.0,4.010287761688232,2.682264329865575,50,1,17.171875,1
0.0,4.010287761688232,2.676365178078413,50,1,17.171875,1
0.0,4.010287761688232,2.677161341533065,50,1,17.171875,1
0.0,4.010287761688232,2.6291676815599203,50,1,17.171875,1
0.0,4.010287761688232,2.6611866801977158,50,1,17.171875,1
0.0,4.010287761688232,2.696456700563431,50,1,17.171875,1
0.0,4.010287761688232,2.6379574947059155,50,1,17.171875,1
0.0,4.010287761688232,2.6610755287110806,50,1,17.171875,1
0.0,4.010287761688232,2.6728908009827137,50,1,17.171875,1
0.0,4.010287761688232,2.696464827284217,50,1,17.171875,1
0.0,4.010287761688232,2.6840797904878855,50,1,17.171875,1
0.0,4.010287761688232,2.6097182240337133,50,1,17.171875,1
0.0,4.010287761688232,2.6527378149330616,50,1,17.171875,1
0.0,4.010287761688232,2.651879359036684,50,1,17.171875,1
0.0,4.010287761688232,2.7014828883111477,50,1,17.171875,1
0.0,4.010287761688232,2.7015296444296837,50,1,17.171875,1
0.0,4.010287761688232,2.6750941798090935,50,1,17.171875,1
0.0,4.010287761688232,2.6720851100981236,50,1,17.171875,1
0.0,4.010287761688232,2.703429041430354,50,1,17.171875,1
0.0,4.010287761688232,2.702874442562461,50,1,17.171875,1
0.0,4.010287761688232,2.695980316027999,50,1,17.171875,1
0.0,4.010287761688232,2.692923627793789,50,1,17.171875,1
0.0,4.010287761688232,2.6971834544092417,50,1,17.171875,1
0.0,4.010287761688232,2.668936751782894,50,1,17.171875,1
0.0,4.010287761688232,2.70148460380733,50,1,17.171875,1
0.0,4.010287761688232,2.65289518609643,50,1,17.171875,1
0.0,4.010287761688232,2.670214707031846,50,1,17.171875,1
0.0,4.010287761688232,2.702162003144622,50,1,17.171875,1
0.0,4.010287761688232,2.697264399379492,50,1,17.171875,1
0.0,4.010287761688232,2.7084295134991407,50,1,17.171875,1
0.0,4.010287761688232,2.6742474902421236,50,1,17.171875,1
0.0,4.010287761688232,2.704209517687559,50,1,17.171875,1
0.0,4.010287761688232,2.671036798506975,50,1,17.171875,1
0.0,4.010287761688232,2.7007317692041397,50,1,17.171875,1
0.0,4.010287761688232,2.676688678562641,50,1,17.171875,1
0.0,4.010287761688232,2.677171418443322,50,1,17.171875,1
0.0,4.010287761688232,2.6563729736953974,50,1,17.171875,1
0.0,4.010287761688232,2.6756787709891796,50,1,17.171875,1
0.0,4.010287761688232,2.6268909834325314,50,1,17.171875,1
0.0,4.010287761688232,2.7007232010364532,50,1,17.171875,1
0.0,4.010287761688232,2.673579202964902,50,1,17.171875,1
0.0,4.010287761688232,2.6945204064249992,50,1,17.171875,1
0.0,4.010287761688232,2.6766468472778797,50,1,17.171875,1
0.0,4.010287761688232,2.6520001348108053,50,1,17.171875,1
0.0,4.010287761688232,2.6999936792999506,50,1,17.171875,1
0.0,4.010287761688232,2.6770995929837227,50,1,17.171875,1
0.0,4.010287761688232,2.677900232374668,50,1,17.171875,1
0.0,4.010287761688232,2.6758287213742733,50,1,17.171875,1
0.0,4.010287761688232,2.7084228713065386,50,1,17.171875,1
0.0,4.010287761688232,2.668014667928219,50,1,17.171875,1
0.0,4.010287761688232,2.669351665303111,50,1,17.171875,1
0.0,4.010287761688232,2.6937774140387774,50,1,17.171875,1
0.0,4.010287761688232,2.700810454785824,50,1,17.171875,1
0.0,4.010287761688232,2.7068389765918255,50,1,17.171875,1
0.0,4.010287761688232,2.704171782359481,50,1,17.171875,1
0.0,4.010287761688232,2.7014598846435547,50,1,17.171875,1
0.0,4.010287761688232,2.7028938941657543,50,1,17.171875,1
0.0,4.010287761688232,2.6827929355204105,50,1,17.171875,1
0.0,4.010287761688232,2.6999841388314962,50,1,17.171875,1
0.0,4.010287761688232,2.701599605381489,50,1,17.171875,1
0.0,4.010287761688232,2.695974927395582,50,1,17.171875,1
0.0,4.010287761688232,2.668554874137044,50,1,17.171875,1
0.0,4.010287761688232,2.6715440694242716,50,1,17.171875,1
0.0,4.010287761688232,2.678530979901552,50,1,17.171875,1
0.0,4.010287761688232,2.659172657877207,50,1,17.171875,1
0.0,4.010287761688232,2.707689583301544,50,1,17.171875,1
0.0,4.010287761688232,2.7002040799707174,50,1,17.171875,1
0.0,4.010287761688232,2.629111038520932,50,1,17.171875,1
0.0,4.010287761688232,2.692558800801635,50,1,17.171875,1
0.0,4.010287761688232,2.7006820384413004,50,1,17.171875,1
0.0,4.010287761688232,2.701653253287077,50,1,17.171875,1
0.0,4.010287761688232,2.6854295805096626,50,1,17.171875,1
0.0,4.010287761688232,2.691813161596656,50,1,17.171875,1
0.0,4.010287761688232,2.675166940316558,50,1,17.171875,1
0.0,4.010287761688232,2.6758994478732347,50,1,17.171875,1
0.0,4.010287761688232,2.6764814872294664,50,1,17.171875,1
0.0,4.010287761688232,2.700734380632639,50,1,17.171875,1
0.0,4.010287761688232,2.6509402468800545,50,1,17.171875,1
0.0,4.010287761688232,2.7079662028700113,50,1,17.171875,1
0.0,4.010287761688232,2.692383460700512,50,1,17.171875,1
0.0,4.010287761688232,2.6828025188297033,50,1,17.171875,1
0.0,4.010287761688232,2.6959298197180033,50,1,17.171875,1
0.0,4.010287761688232,2.701648997142911,50,1,17.171875,1
0.0,4.010287761688232,2.6740100160241127,50,1,17.171875,1
0.0,4.010287761688232,2.5977876484394073,50,1,17.171875,1
0.0,4.010287761688232,2.6535299196839333,50,1,17.171875,1
0.0,4.010287761688232,2.6972661782056093,50,1,17.171875,1
0.0,4.010287761688232,2.668876875191927,50,1,17.171875,1
0.0,4.010287761688232,2.6758994478732347,50,1,17.171875,1
0.0,4.010287761688232,2.7015235107392073,50,1,17.171875,1
0.0,4.010287761688232,2.6763688884675503,50,1,17.171875,1
0.0,4.010287761688232,2.6694288048893213,50,1,17.171875,1
0.0,4.010287761688232,2.695182992145419,50,1,17.171875,1
0.0,4.010287761688232,2.6458361130207777,50,1,17.171875,1
0.0,4.010287761688232,2.6715765707194805,50,1,17.171875,1
0.0,4.010287761688232,2.708442948758602,50,1,17.171875,1
0.0,4.010287761688232,2.6989982035011053,50,1,17.171875,1
0.0,4.010287761688232,2.6402241811156273,50,1,17.171875,1
0.0,4.010287761688232,2.698201412335038,50,1,17.171875,1
0.0,4.010287761688232,2.6171401496976614,50,1,17.171875,1
0.0,4.010287761688232,2.668152878060937,50,1,17.171875,1
0.0,4.010287761688232,2.700265074148774,50,1,17.171875,1
0.0,4.010287761688232,2.692092277109623,50,1,17.171875,1
0.0,4.010287761688232,2.6738280598074198,50,1,17.171875,1
0.0,4.010287761688232,2.677124794572592,50,1,17.171875,1
0.0,4.010287761688232,2.7141231410205364,50,1,17.171875,1
0.0,4.010287761688232,2.6764261703938246,50,1,17.171875,1
0.0,4.010287761688232,2.699526809155941,50,1,17.171875,1
0.0,4.010287761688232,2.6868733633309603,50,1,17.171875,1
0.0,4.010287761688232,2.6989300716668367,50,1,17.171875,1
0.0,4.010287761688232,2.665205180644989,50,1,17.171875,1
0.0,4.010287761688232,2.697264563292265,50,1,17.171875,1
0.0,4.010287761688232,2.6283592879772186,50,1,17.171875,1
0.0,4.010287761688232,2.6903818808496,50,1,17.171875,1
0.0,4.010287761688232,2.7118716444820166,50,1,17.171875,1
0.0,4.010287761688232,2.6917800549417734,50,1,17.171875,1
0.0,4.010287761688232,2.6924431696534157,50,1,17.171875,1
0.0,4.010287761688232,2.6959181632846594,50,1,17.171875,1
0.0,4.010287761688232,2.684695353731513,50,1,17.171875,1
0.0,4.010287761688232,2.696448201313615,50,1,17.171875,1
0.0,4.010287761688232,2.6745632011443377,50,1,17.171875,1
0.0,4.010287761688232,2.6963973864912987,50,1,17.171875,1
0.0,4.010287761688232,2.6751559227705,50,1,17.171875,1
0.0,4.010287761688232,2.6672788690775633,50,1,17.171875,1
0.0,4.010287761688232,2.692382773384452,50,1,17.171875,1
0.0,4.010287761688232,2.6668716557323933,50,1,17.171875,1
0.0,4.010287761688232,2.652784077450633,50,1,17.171875,1
0.0,4.010287761688232,2.7079558856785297,50,1,17.171875,1
0.0,4.010287761688232,2.6937167085707188,50,1,17.171875,1
0.0,4.010287761688232,2.6989271584898233,50,1,17.171875,1
0.0,4.010287761688232,2.688866425305605,50,1,17.171875,1
0.0,4.010287761688232,2.6930784806609154,50,1,17.171875,1
0.0,4.010287761688232,2.6964598037302494,50,1,17.171875,1
0.0,4.010287761688232,2.6926254611462355,50,1,17.171875,1
0.0,4.010287761688232,2.6833215411752462,50,1,17.171875,1
0.0,4.010287761688232,2.6771163418889046,50,1,17.171875,1
0.0,4.010287761688232,2.671547358855605,50,1,17.171875,1
0.0,4.010287761688232,2.7062284890562296,50,1,17.171875,1
0.0,4.010287761688232,2.6841078475117683,50,1,17.171875,1
0.0,4.010287761688232,2.684854382649064,50,1,17.171875,1
0.0,4.010287761688232,2.66665405780077,50,1,17.171875,1
0.0,4.010287761688232,2.6764261703938246,50,1,17.171875,1
0.0,4.010287761688232,2.6520901173353195,50,1,17.171875,1
0.0,4.010287761688232,2.6527359317988157,50,1,17.171875,1
0.0,4.010287761688232,2.70079367980361,50,1,17.171875,1
0.0,4.010287761688232,2.6763786617666483,50,1,17.171875,1
0.0,4.010287761688232,2.668944451957941,50,1,17.171875,1
0.0,4.010287761688232,2.705955222249031,50,1,17.171875,1
0.0,4.010287761688232,2.6746239326894283,50,1,17.171875,1
0.0,4.010287761688232,2.695192765444517,50,1,17.171875,1
0.0,4.010287761688232,2.6534758377820253,50,1,17.171875,1
0.0,4.010287761688232,2.6881182603538036,50,1,17.171875,1
0.0,4.010287761688232,2.701552713289857,50,1,17.171875,1
0.0,4.010287761688232,2.697257211431861,50,1,17.171875,1
0.0,4.010287761688232,2.660112103447318,50,1,17.171875,1
0.0,4.010287761688232,2.7147257812321186,50,1,17.171875,1
0.0,4.010287761688232,2.6702875159680843,50,1,17.171875,1
0.0,4.010287761688232,2.6771080270409584,50,1,17.171875,1
0.0,4.010287761688232,2.6995910927653313,50,1,17.171875,1
0.0,4.010287761688232,2.6959282606840134,50,1,17.171875,1
0.0,4.010287761688232,2.660319294780493,50,1,17.171875,1
0.0,4.010287761688232,2.6771266777068377,50,1,17.171875,1
0.0,4.010287761688232,2.6527988091111183,50,1,17.171875,1
0.0,4.010287761688232,2.6972474604845047,50,1,17.171875,1
0.0,4.010287761688232,2.692980909720063,50,1,17.171875,1
0.0,4.010287761688232,2.645775903016329,50,1,17.171875,1
0.0,4.010287761688232,2.669404197484255,50,1,17.171875,1
0.0,4.010287761688232,2.675887791439891,50,1,17.171875,1
0.0,4.010287761688232,2.6632350776344538,50,1,17.171875,1
0.0,4.010287761688232,2.6998852472752333,50,1,17.171875,1
0.0,4.010287761688232,2.682801902294159,50,1,17.171875,1
0.0,4.010287761688232,2.69182993657887,50,1,17.171875,1
0.0,4.010287761688232,2.7136055529117584,50,1,17.171875,1
0.0,4.010287761688232,2.6971966344863176,50,1,17.171875,1
0.0,4.010287761688232,2.719296285882592,50,1,17.171875,1
0.0,4.010287761688232,2.6883378196507692,50,1,17.171875,1
0.0,4.010287761688232,2.6946641597896814,50,1,17.171875,1
0.0,4.010287761688232,2.6758195869624615,50,1,17.171875,1
0.0,4.010287761688232,2.6860182136297226,50,1,17.171875,1
0.0,4.010287761688232,2.7007311303168535,50,1,17.171875,1
0.0,4.010287761688232,2.690242487937212,50,1,17.171875,1
0.0,4.010287761688232,2.7084765415638685,50,1,17.171875,1
0.0,4.010287761688232,2.679793255403638,50,1,17.171875,1
0.0,4.010287761688232,2.700227316468954,50,1,17.171875,1
0.0,4.010287761688232,2.670212756842375,50,1,17.171875,1
0.0,4.010287761688232,2.7084803618490696,50,1,17.171875,1
0.0,4.010287761688232,2.6612413804978132,50,1,17.171875,1
0.0,4.010287761688232,2.6694651897996664,50,1,17.171875,1
0.0,4.010287761688232,2.671620788052678,50,1,17.171875,1
0.0,4.010287761688232,2.6884456798434258,50,1,17.171875,1
0.0,4.010287761688232,2.6771273519843817,50,1,17.171875,1
0.0,4.010287761688232,2.622296519577503,50,1,17.171875,1
0.0,4.010287761688232,2.6759624648839235,50,1,17.171875,1
0.0,4.010287761688232,2.6875434014946222,50,1,17.171875,1
0.0,4.010287761688232,2.665308514609933,50,1,17.171875,1
0.0,4.010287761688232,2.6852322723716497,50,1,17.171875,1
0.0,4.010287761688232,2.679110139608383,50,1,17.171875,1
0.0,4.010287761688232,2.6449166629463434,50,1,17.171875,1
0.0,4.010287761688232,2.6941289603710175,50,1,17.171875,1
0.0,4.010287761688232,2.696459636092186,50,1,17.171875,1
0.0,4.010287761688232,2.6945227198302746,50,1,17.171875,1
0.0,4.010287761688232,2.7076935693621635,50,1,17.171875,1
0.0,4.010287761688232,2.697314953431487,50,1,17.171875,1
0.0,4.010287761688232,2.683595484122634,50,1,17.171875,1
0.0,4.010287761688232,2.7006820384413004,50,1,17.171875,1
0.0,4.010287761688232,2.6402304712682962,50,1,17.171875,1
0.0,4.010287761688232,2.674356121569872,50,1,17.171875,1
0.0,4.010287761688232,2.672360312193632,50,1,17.171875,1
0.0,4.010287761688232,2.6758274361491203,50,1,17.171875,1
0.0,4.010287761688232,2.692622471600771,50,1,17.171875,1
0.0,4.010287761688232,2.690224001184106,50,1,17.171875,1
0.0,4.010287761688232,2.701466327533126,50,1,17.171875,1
0.0,4.010287761688232,2.660452429205179,50,1,17.171875,1
0.0,4.010287761688232,2.6846901811659336,50,1,17.171875,1
0.0,4.010287761688232,2.6640636175870895,50,1,17.171875,1
0.0,4.010287761688232,2.672827623784542,50,1,17.171875,1
0.0,4.010287761688232,2.7015941608697176,50,1,17.171875,1
0.0,4.010287761688232,2.685220368206501,50,1,17.171875,1
0.0,4.010287761688232,2.67289624735713,50,1,17.171875,1
0.0,4.010287761688232,2.6805287525057793,50,1,17.171875,1
0.0,4.010287761688232,2.6891346108168364,50,1,17.171875,1
0.0,4.010287761688232,2.6836133375763893,50,1,17.171875,1
0.0,4.010287761688232,2.675897564738989,50,1,17.171875,1
0.0,4.010287761688232,2.630493078380823,50,1,17.171875,1
0.0,4.010287761688232,2.6959895566105843,50,1,17.171875,1
0.0,4.010287761688232,2.6688914373517036,50,1,17.171875,1
0.0,4.010287761688232,2.669456196948886,50,1,17.171875,1
0.0,4.010287761688232,2.6689457185566425,50,1,17.171875,1
0.0,4.010287761688232,2.6688698325306177,50,1,17.171875,1
0.0,4.010287761688232,2.6814652625471354,50,1,17.171875,1
0.0,4.010287761688232,2.6728252470493317,50,1,17.171875,1
0.0,4.010287761688232,2.7002094872295856,50,1,17.171875,1
0.0,4.010287761688232,2.6591720040887594,50,1,17.171875,1
0.0,4.010287761688232,2.671612912788987,50,1,17.171875,1
0.0,4.010287761688232,2.6840136144310236,50,1,17.171875,1
0.0,4.010287761688232,2.6661363802850246,50,1,17.171875,1
0.0,4.010287761688232,2.6771773360669613,50,1,17.171875,1
0.0,4.010287761688232,2.6932997424155474,50,1,17.171875,1
0.0,4.010287761688232,2.6695218328386545,50,1,17.171875,1
0.0,4.010287761688232,2.6633076667785645,50,1,17.171875,1
0.0,4.010287761688232,2.6903795078396797,50,1,17.171875,1
0.0,4.010287761688232,2.644504791125655,50,1,17.171875,1
0.0,4.010287761688232,2.700265074148774,50,1,17.171875,1
0.0,4.010287761688232,2.6986092422157526,50,1,17.171875,1
0.0,4.010287761688232,2.66586447507143,50,1,17.171875,1
0.0,4.010287761688232,2.6672372855246067,50,1,17.171875,1
0.0,4.010287761688232,2.6534670870751143,50,1,17.171875,1
0.0,4.010287761688232,2.6904121171683073,50,1,17.171875,1
0.0,4.010287761688232,2.6989982035011053,50,1,17.171875,1
0.0,4.010287761688232,2.6665866915136576,50,1,17.171875,1
0.0,4.010287761688232,2.6821187864989042,50,1,17.171875,1
0.0,4.010287761688232,2.690306005999446,50,1,17.171875,1
0.0,4.010287761688232,2.6646116748452187,50,1,17.171875,1
0.0,4.010287761688232,2.6575528271496296,50,1,17.171875,1
0.0,4.010287761688232,2.6971797924488783,50,1,17.171875,1
0.0,4.010287761688232,2.6772561371326447,50,1,17.171875,1
0.0,4.010287761688232,2.6445690747350454,50,1,17.171875,1
0.0,4.010287761688232,2.6805212032049894,50,1,17.171875,1
0.0,4.010287761688232,2.692515851929784,50,1,17.171875,1
0.0,4.010287761688232,2.6972090862691402,50,1,17.171875,1
0.0,4.010287761688232,2.6964598037302494,50,1,17.171875,1
0.0,4.010287761688232,2.6902901623398066,50,1,17.171875,1
0.0,4.010287761688232,2.6792555153369904,50,1,17.171875,1
0.0,4.010287761688232,2.6522045228630304,50,1,17.171875,1
0.0,4.010287761688232,2.652209235355258,50,1,17.171875,1
0.0,4.010287761688232,2.668262602761388,50,1,17.171875,1
0.0,4.010287761688232,2.6581043172627687,50,1,17.171875,1
0.0,4.010287761688232,2.6771144587546587,50,1,17.171875,1
0.0,4.010287761688232,2.652213579043746,50,1,17.171875,1
0.0,4.010287761688232,2.655416611582041,50,1,17.171875,1
0.0,4.010287761688232,2.7002291996032,50,1,17.171875,1
0.0,4.010287761688232,2.692975604906678,50,1,17.171875,1
0.0,4.010287761688232,2.679057886824012,50,1,17.171875,1
0.0,4.010287761688232,2.6758287213742733,50,1,17.171875,1
0.0,4.010287761688232,2.661760676652193,50,1,17.171875,1
0.0,4.010287761688232,2.6720823533833027,50,1,17.171875,1
0.0,4.010287761688232,2.6694743242114782,50,1,17.171875,1
0.0,4.010287761688232,2.6627356819808483,50,1,17.171875,1
0.0,4.010287761688232,2.69672410748899,50,1,17.171875,1
0.0,4.010287761688232,2.715457672253251,50,1,17.171875,1
0.0,4.010287761688232,2.682803785428405,50,1,17.171875,1
0.0,4.010287761688232,2.624822035431862,50,1,17.171875,1
0.0,4.010287761688232,2.70570052228868,50,1,17.171875,1
0.0,4.010287761688232,2.6694730576127768,50,1,17.171875,1
0.0,4.010287761688232,2.6659370716661215,50,1,17.171875,1
0.0,4.010287761688232,2.692310703918338,50,1,17.171875,1
0.0,4.010287761688232,2.6877598222345114,50,1,17.171875,1
0.0,4.010287761688232,2.682801902294159,50,1,17.171875,1
0.0,4.010287761688232,2.677164603024721,50,1,17.171875,1
0.0,4.010287761688232,2.669452391564846,50,1,17.171875,1
0.0,4.010287761688232,2.6797951385378838,50,1,17.171875,1
0.0,4.010287761688232,2.641566041857004,50,1,17.171875,1
0.0,4.010287761688232,2.636745287105441,50,1,17.171875,1
0.0,4.010287761688232,2.6604505460709333,50,1,17.171875,1
0.0,4.010287761688232,2.675620412454009,50,1,17.171875,1
0.0,4.010287761688232,2.688298186287284,50,1,17.171875,1
0.0,4.010287761688232,2.653490222990513,50,1,17.171875,1
0.0,4.010287761688232,2.7071791626513004,50,1,17.171875,1
0.0,4.010287761688232,2.695942047983408,50,1,17.171875,1
0.0,4.010287761688232,2.6646159309893847,50,1,17.171875,1
0.0,4.010287761688232,2.6849767714738846,50,1,17.171875,1
0.0,4.010287761688232,2.6895681992173195,50,1,17.171875,1
0.0,4.010287761688232,2.707229821011424,50,1,17.171875,1
0.0,4.010287761688232,2.658956527709961,50,1,17.171875,1
0.0,4.010287761688232,2.699476221576333,50,1,17.171875,1
0.0,4.010287761688232,2.701495310291648,50,1,17.171875,1
0.0,4.010287761688232,2.6515268459916115,50,1,17.171875,1
0.0,4.010287761688232,2.7077090349048376,50,1,17.171875,1
0.0,4.010287761688232,2.652737969532609,50,1,17.171875,1
0.0,4.010287761688232,2.651526678353548,50,1,17.171875,1
0.0,4.010287761688232,2.6972090862691402,50,1,17.171875,1
0.0,4.010287761688232,2.683331124484539,50,1,17.171875,1
0.0,4.010287761688232,2.6763621661812067,50,1,17.171875,1
0.0,4.010287761688232,2.7146492786705494,50,1,17.171875,1
0.0,4.010287761688232,2.6945442240685225,50,1,17.171875,1
0.0,4.010287761688232,2.706431146711111,50,1,17.171875,1
0.0,4.010287761688232,2.7003224920481443,50,1,17.171875,1
0.0,4.010287761688232,2.706431146711111,50,1,17.171875,1
0.0,4.010287761688232,2.682851294055581,50,1,17.171875,1
0.0,4.010287761688232,2.66384987346828,50,1,17.171875,1
0.0,4.010287761688232,2.672821257263422,50,1,17.171875,1
0.0,4.010287761688232,2.7003144659101963,50,1,17.171875,1
0.0,4.010287761688232,2.677504524588585,50,1,17.171875,1
0.0,4.010287761688232,2.678517250344157,50,1,17.171875,1
