BestFit,WorstFit,MeanFit,Longest,shortest,MeanLength,SelectedLable,n_features
0.6840291023254395,3.4028234663852886e+38,1.7811654081860495e+38,49,1,17.7578125,1,4
0.796272873878479,1.4909228086471558,1.2127523673698306,49,1,17.7578125,3,4
0.796272873878479,1.4909228086471558,1.207619777880609,49,1,17.7578125,3,4
0.796272873878479,1.4909228086471558,1.1898620510473847,49,1,17.7578125,3,4
0.796272873878479,1.4909228086471558,1.1912007257342339,49,1,17.7578125,3,4
0.796272873878479,1.4909228086471558,1.2089403318241239,49,1,17.7578125,3,4
0.796272873878479,1.4909228086471558,1.205149726010859,49,1,17.7578125,3,4
0.796272873878479,1.4909228086471558,1.1943004978820682,49,1,17.7578125,1,4
0.796272873878479,1.4909228086471558,1.199421145953238,49,1,17.7578125,3,4
0.796272873878479,1.4909228086471558,1.208643457852304,49,1,17.7578125,3,4
0.796272873878479,1.4909228086471558,1.1862552892416716,49,1,17.7578125,3,4
0.796272873878479,1.4909228086471558,1.187368467450142,49,1,17.7578125,3,4
0.796272873878479,1.4909228086471558,1.1958772270008922,49,1,17.7578125,3,4
0.796272873878479,1.4909228086471558,1.203508191742003,49,1,17.7578125,3,4
0.796272873878479,1.4909228086471558,1.1902737654745579,49,1,17.7578125,3,4
0.796272873878479,1.4909228086471558,1.198397465981543,49,1,17.7578125,3,4
0.796272873878479,1.4909228086471558,1.2090913550928235,49,1,17.7578125,3,4
0.796272873878479,1.4909228086471558,1.1850542314350605,49,1,17.7578125,1,4
0.796272873878479,1.4909228086471558,1.1915745325386524,49,1,17.7578125,3,4
0.796272873878479,1.4909228086471558,1.1946598328649998,49,1,17.7578125,3,4
0.796272873878479,1.4909228086471558,1.1769954459741712,49,1,17.7578125,3,4
0.796272873878479,1.4909228086471558,1.201166863553226,49,1,17.7578125,3,4
0.796272873878479,1.4909228086471558,1.189688897691667,49,1,17.7578125,3,4
0.796272873878479,1.4909228086471558,1.208650722168386,49,1,17.7578125,1,4
0.796272873878479,1.4909228086471558,1.187298289500177,49,1,17.7578125,3,4
0.796272873878479,1.4909228086471558,1.2062142984941602,49,1,17.7578125,3,4
0.796272873878479,1.4909228086471558,1.1920484863221645,49,1,17.7578125,3,4
0.796272873878479,1.4909228086471558,1.2090738797560334,49,1,17.7578125,3,4
0.796272873878479,1.4909228086471558,1.1931567331776023,49,1,17.7578125,3,4
0.796272873878479,1.4909228086471558,1.1889153765514493,49,1,17.7578125,3,4
0.796272873878479,1.4909228086471558,1.2035047160461545,49,1,17.7578125,3,4
0.796272873878479,1.4909228086471558,1.1901020435616374,49,1,17.7578125,3,4
0.796272873878479,1.4909228086471558,1.1929578250274062,49,1,17.7578125,3,4
0.796272873878479,1.4909228086471558,1.1957136057317257,49,1,17.7578125,3,4
0.796272873878479,1.4909228086471558,1.19692437723279,49,1,17.7578125,3,4
0.796272873878479,1.4909228086471558,1.2038050657138228,49,1,17.7578125,3,4
0.796272873878479,1.4909228086471558,1.2037002118304372,49,1,17.7578125,3,4
0.796272873878479,1.4909228086471558,1.1993763828650117,49,1,17.7578125,3,4
0.796272873878479,1.4909228086471558,1.193334525451064,49,1,17.7578125,3,4
0.796272873878479,1.4909228086471558,1.1823467966169119,49,1,17.7578125,3,4
0.796272873878479,1.4909228086471558,1.1901440592482686,49,1,17.7578125,3,4
0.796272873878479,1.4909228086471558,1.1863688519224524,49,1,17.7578125,1,4
0.796272873878479,1.4909228086471558,1.199304803274572,49,1,17.7578125,3,4
0.796272873878479,1.4909228086471558,1.1983809359371662,49,1,17.7578125,3,4
0.796272873878479,1.4909228086471558,1.208987100981176,49,1,17.7578125,3,4
0.796272873878479,1.4909228086471558,1.179666854441166,49,1,17.7578125,3,4
0.796272873878479,1.4909228086471558,1.19968534540385,49,1,17.7578125,3,4
0.796272873878479,1.4909228086471558,1.1842605751007795,49,1,17.7578125,1,4
0.796272873878479,1.4909228086471558,1.1899180337786674,49,1,17.7578125,3,4
0.796272873878479,1.4909228086471558,1.2119011506438255,49,1,17.7578125,3,4
0.796272873878479,1.4909228086471558,1.1970738107338548,49,1,17.7578125,3,4
0.796272873878479,1.4909228086471558,1.1835602736100554,49,1,17.7578125,3,4
0.796272873878479,1.4909228086471558,1.1903259921818972,49,1,17.7578125,3,4
0.796272873878479,1.4909228086471558,1.1863903207704425,49,1,17.7578125,3,4
0.796272873878479,1.4909228086471558,1.1890035076066852,49,1,17.7578125,3,4
0.796272873878479,1.4909228086471558,1.195508698001504,49,1,17.7578125,3,4
0.796272873878479,1.4909228086471558,1.1914401100948453,49,1,17.7578125,3,4
0.796272873878479,1.4909228086471558,1.1863341005519032,49,1,17.7578125,1,4
0.796272873878479,1.4909228086471558,1.1995590617880225,49,1,17.7578125,3,4
0.796272873878479,1.4909228086471558,1.1852319715544581,49,1,17.7578125,3,4
0.796272873878479,1.4909228086471558,1.1936441976577044,49,1,17.7578125,3,4
0.796272873878479,1.4909228086471558,1.2051204210147262,49,1,17.7578125,3,4
0.796272873878479,1.4909228086471558,1.1940691955387592,49,1,17.7578125,1,4
0.796272873878479,1.4909228086471558,1.2073690127581358,49,1,17.7578125,3,4
0.796272873878479,1.4909228086471558,1.1900652153417468,49,1,17.7578125,3,4
0.796272873878479,1.4909228086471558,1.1875395141541958,49,1,17.7578125,3,4
0.796272873878479,1.4909228086471558,1.184560895897448,49,1,17.7578125,3,4
0.796272873878479,1.4909228086471558,1.1930585615336895,49,1,17.7578125,3,4
0.796272873878479,1.4909228086471558,1.1913984576240182,49,1,17.7578125,3,4
0.796272873878479,1.4909228086471558,1.200627670623362,49,1,17.7578125,3,4
0.796272873878479,1.4909228086471558,1.1903305798768997,49,1,17.7578125,3,4
0.796272873878479,1.4909228086471558,1.199509035795927,49,1,17.7578125,3,4
0.796272873878479,1.4909228086471558,1.1944230496883392,49,1,17.7578125,3,4
0.796272873878479,1.4909228086471558,1.1995381638407707,49,1,17.7578125,3,4
0.796272873878479,1.4909228086471558,1.195581023581326,49,1,17.7578125,3,4
0.796272873878479,1.4909228086471558,1.2023025788366795,49,1,17.7578125,3,4
0.796272873878479,1.4909228086471558,1.1890499647706747,49,1,17.7578125,3,4
0.796272873878479,1.4909228086471558,1.1890079490840435,49,1,17.7578125,3,4
0.796272873878479,1.4909228086471558,1.1956556430086493,49,1,17.7578125,3,4
0.796272873878479,1.4909228086471558,1.2021113047376275,49,1,17.7578125,3,4
0.796272873878479,1.4909228086471558,1.2169316159561276,49,1,17.7578125,3,4
0.796272873878479,1.4909228086471558,1.198051075451076,49,1,17.7578125,3,4
0.796272873878479,1.4909228086471558,1.1944507006555796,49,1,17.7578125,3,4
0.796272873878479,1.4909228086471558,1.1931307287886739,49,1,17.7578125,3,4
0.796272873878479,1.4909228086471558,1.2039331896230578,49,1,17.7578125,3,4
0.796272873878479,1.4909228086471558,1.189133138395846,49,1,17.7578125,3,4
0.796272873878479,1.4909228086471558,1.1947686038911343,49,1,17.7578125,3,4
0.796272873878479,1.4909228086471558,1.1712919883430004,49,1,17.7578125,3,4
0.796272873878479,1.4909228086471558,1.1872801072895527,49,1,17.7578125,3,4
0.796272873878479,1.4909228086471558,1.2093006512150168,49,1,17.7578125,1,4
0.796272873878479,1.4909228086471558,1.1943908091634512,49,1,17.7578125,3,4
0.796272873878479,1.4909228086471558,1.1984669687226415,49,1,17.7578125,3,4
0.796272873878479,1.4909228086471558,1.197164636105299,49,1,17.7578125,3,4
0.796272873878479,1.4909228086471558,1.1835837438702583,49,1,17.7578125,3,4
0.796272873878479,1.4909228086471558,1.1858862033113837,49,1,17.7578125,3,4
0.796272873878479,1.4909228086471558,1.20479607116431,49,1,17.7578125,3,4
0.796272873878479,1.4909228086471558,1.2024561129510403,49,1,17.7578125,3,4
0.796272873878479,1.4909228086471558,1.199675333686173,49,1,17.7578125,3,4
0.796272873878479,1.4909228086471558,1.1996010774746537,49,1,17.7578125,3,4
0.796272873878479,1.4909228086471558,1.188611508347094,49,1,17.7578125,3,4
0.796272873878479,1.4909228086471558,1.2035483671352267,49,1,17.7578125,1,4
0.796272873878479,1.4909228086471558,1.200798480771482,49,1,17.7578125,3,4
0.796272873878479,1.4909228086471558,1.1885815812274814,49,1,17.7578125,3,4
0.796272873878479,1.4909228086471558,1.193037268705666,49,1,17.7578125,3,4
0.796272873878479,1.4909228086471558,1.2058732155710459,49,1,17.7578125,3,4
0.796272873878479,1.4909228086471558,1.19556924700737,49,1,17.7578125,3,4
0.796272873878479,1.4909228086471558,1.19900066498667,49,1,17.7578125,3,4
0.796272873878479,1.4909228086471558,1.1972787026315928,49,1,17.7578125,3,4
0.796272873878479,1.4909228086471558,1.1787360468879342,49,1,17.7578125,3,4
0.796272873878479,1.4909228086471558,1.1995448283851147,49,1,17.7578125,3,4
0.796272873878479,1.4909228086471558,1.1951895244419575,49,1,17.7578125,1,4
0.796272873878479,1.4909228086471558,1.1835035299882293,49,1,17.7578125,3,4
0.796272873878479,1.4909228086471558,1.1982454601675272,49,1,17.7578125,3,4
0.796272873878479,1.4909228086471558,1.2128201052546501,49,1,17.7578125,1,4
0.796272873878479,1.4909228086471558,1.1953403986990452,49,1,17.7578125,3,4
0.796272873878479,1.4909228086471558,1.1984697915613651,49,1,17.7578125,3,4
0.796272873878479,1.4909228086471558,1.1903037633746862,49,1,17.7578125,3,4
0.796272873878479,1.4909228086471558,1.2012173254042864,49,1,17.7578125,3,4
0.796272873878479,1.4909228086471558,1.2005745321512222,49,1,17.7578125,3,4
0.796272873878479,1.4909228086471558,1.1889659333974123,49,1,17.7578125,3,4
0.796272873878479,1.4909228086471558,1.1929980758577585,49,1,17.7578125,1,4
0.796272873878479,1.4909228086471558,1.1880351258441806,49,1,17.7578125,1,4
0.796272873878479,1.4909228086471558,1.2010124176740646,49,1,17.7578125,3,4
0.796272873878479,1.4909228086471558,1.1970587000250816,49,1,17.7578125,3,4
0.796272873878479,1.4909228086471558,1.1876291688531637,49,1,17.7578125,3,4
0.796272873878479,1.4909228086471558,1.1890179608017206,49,1,17.7578125,1,4
0.796272873878479,1.4909228086471558,1.1912554297596216,49,1,17.7578125,3,4
0.796272873878479,1.4909228086471558,1.2009460255503654,49,1,17.7578125,1,4
0.796272873878479,1.4909228086471558,1.1850143633782864,49,1,17.7578125,3,4
0.796272873878479,1.4909228086471558,1.1808724673464894,49,1,17.7578125,3,4
0.796272873878479,1.4909228086471558,1.1885767569765449,49,1,17.7578125,3,4
0.796272873878479,1.4909228086471558,1.2130757831037045,49,1,17.7578125,3,4
0.796272873878479,1.4909228086471558,1.190512384288013,49,1,17.7578125,3,4
0.796272873878479,1.4909228086471558,1.2035904582589865,49,1,17.7578125,3,4
0.796272873878479,1.4909228086471558,1.1982312435284257,49,1,17.7578125,1,4
0.796272873878479,1.4909228086471558,1.1985218189656734,49,1,17.7578125,1,4
0.796272873878479,1.4909228086471558,1.203679984435439,49,1,17.7578125,3,4
0.796272873878479,1.4909228086471558,1.1968381982296705,49,1,17.7578125,3,4
0.796272873878479,1.4909228086471558,1.182446263730526,49,1,17.7578125,3,4
0.796272873878479,1.4909228086471558,1.1965753054246306,49,1,17.7578125,3,4
0.796272873878479,1.4909228086471558,1.1953772269189358,49,1,17.7578125,3,4
0.796272873878479,1.4909228086471558,1.2036744896322489,49,1,17.7578125,3,4
0.796272873878479,1.4909228086471558,1.1790732815861702,49,1,17.7578125,1,4
0.796272873878479,1.4909228086471558,1.2050372958183289,49,1,17.7578125,3,4
0.796272873878479,1.4909228086471558,1.1901350300759077,49,1,17.7578125,3,4
0.796272873878479,1.4909228086471558,1.1968948421999812,49,1,17.7578125,3,4
0.796272873878479,1.4909228086471558,1.1904110061004758,49,1,17.7578125,3,4
0.796272873878479,1.4909228086471558,1.1818467965349555,49,1,17.7578125,1,4
0.796272873878479,1.4909228086471558,1.1939816884696484,49,1,17.7578125,3,4
0.796272873878479,1.4909228086471558,1.203821741975844,49,1,17.7578125,3,4
0.796272873878479,1.4909228086471558,1.2011048952117562,49,1,17.7578125,3,4
0.796272873878479,1.4909228086471558,1.1994199808686972,49,1,17.7578125,3,4
0.796272873878479,1.4909228086471558,1.2049958799034357,49,1,17.7578125,3,4
0.796272873878479,1.4909228086471558,1.1797088701277971,49,1,17.7578125,3,4
0.796272873878479,1.4909228086471558,1.1810681633651257,49,1,17.7578125,3,4
0.796272873878479,1.4909228086471558,1.1858067596331239,49,1,17.7578125,3,4
0.796272873878479,1.4909228086471558,1.1891739834100008,49,1,17.7578125,1,4
0.796272873878479,1.4909228086471558,1.1886410722509027,49,1,17.7578125,3,4
0.796272873878479,1.4909228086471558,1.2077794820070267,49,1,17.7578125,3,4
0.796272873878479,1.4909228086471558,1.2038123300299048,49,1,17.7578125,3,4
0.796272873878479,1.4909228086471558,1.1913925996050239,49,1,17.7578125,3,4
0.796272873878479,1.4909228086471558,1.1875122264027596,49,1,17.7578125,3,4
0.796272873878479,1.4909228086471558,1.1927438881248236,49,1,17.7578125,3,4
0.796272873878479,1.4909228086471558,1.19693224132061,49,1,17.7578125,1,4
0.796272873878479,1.4909228086471558,1.2090364517644048,49,1,17.7578125,1,4
0.796272873878479,1.4909228086471558,1.1900700395926833,49,1,17.7578125,3,4
0.796272873878479,1.4909228086471558,1.1889846408739686,49,1,17.7578125,3,4
0.796272873878479,1.4909228086471558,1.1956230392679572,49,1,17.7578125,3,4
0.796272873878479,1.4909228086471558,1.1926918607205153,49,1,17.7578125,3,4
0.796272873878479,1.4909228086471558,1.2076243655756116,49,1,17.7578125,3,4
0.796272873878479,1.4909228086471558,1.191957514733076,49,1,17.7578125,1,4
0.796272873878479,1.4909228086471558,1.196533360518515,49,1,17.7578125,1,4
0.796272873878479,1.4909228086471558,1.1915217768400908,49,1,17.7578125,3,4
0.796272873878479,1.4909228086471558,1.1874774750322104,49,1,17.7578125,1,4
0.796272873878479,1.4909228086471558,1.1981489770114422,49,1,17.7578125,3,4
0.796272873878479,1.4909228086471558,1.1920325877144933,49,1,17.7578125,3,4
0.796272873878479,1.4909228086471558,1.1919172639027238,49,1,17.7578125,3,4
0.796272873878479,1.4909228086471558,1.2033755127340555,49,1,17.7578125,3,4
0.796272873878479,1.4909228086471558,1.2046667654067278,49,1,17.7578125,3,4
0.796272873878479,1.4909228086471558,1.1888167820870876,49,1,17.7578125,3,4
0.796272873878479,1.4909228086471558,1.1914446270093322,49,1,17.7578125,1,4
0.796272873878479,1.4909228086471558,1.1888845199719071,49,1,17.7578125,3,4
0.796272873878479,1.4909228086471558,1.1927444878965616,49,1,17.7578125,1,4
0.796272873878479,1.4909228086471558,1.1932237893342972,49,1,17.7578125,1,4
0.796272873878479,1.4909228086471558,1.199478360824287,49,1,17.7578125,3,4
0.796272873878479,1.4909228086471558,1.192915809340775,49,1,17.7578125,1,4
0.796272873878479,1.4909228086471558,1.2046963293105364,49,1,17.7578125,1,4
0.796272873878479,1.4909228086471558,1.1926264995709062,49,1,17.7578125,3,4
0.796272873878479,1.4909228086471558,1.1877709263935685,49,1,17.7578125,3,4
0.796272873878479,1.4909228086471558,1.191997453570366,49,1,17.7578125,1,4
0.796272873878479,1.4909228086471558,1.207678540609777,49,1,17.7578125,3,4
0.796272873878479,1.4909228086471558,1.2011378817260265,49,1,17.7578125,3,4
0.796272873878479,1.4909228086471558,1.2115846164524555,49,1,17.7578125,3,4
0.796272873878479,1.4909228086471558,1.1998873017728329,49,1,17.7578125,3,4
0.796272873878479,1.4909228086471558,1.1956483786925673,49,1,17.7578125,3,4
0.796272873878479,1.4909228086471558,1.1943261306732893,49,1,17.7578125,3,4
0.796272873878479,1.4909228086471558,1.2076013907790184,49,1,17.7578125,3,4
0.796272873878479,1.4909228086471558,1.2033635582774878,49,1,17.7578125,3,4
0.796272873878479,1.4909228086471558,1.1994742844253778,49,1,17.7578125,3,4
0.796272873878479,1.4909228086471558,1.195797637104988,49,1,17.7578125,3,4
0.796272873878479,1.4909228086471558,1.191611960530281,49,1,17.7578125,3,4
0.796272873878479,1.4909228086471558,1.196691794320941,49,1,17.7578125,3,4
0.796272873878479,1.4909228086471558,1.1957602091133595,49,1,17.7578125,3,4
0.796272873878479,1.4909228086471558,1.2009710017591715,49,1,17.7578125,3,4
0.796272873878479,1.4909228086471558,1.186186918988824,49,1,17.7578125,3,4
0.796272873878479,1.4909228086471558,1.1989566050469875,49,1,17.7578125,3,4
0.796272873878479,1.4909228086471558,1.2048607869073749,49,1,17.7578125,3,4
0.796272873878479,1.4909228086471558,1.2074587000533938,49,1,17.7578125,3,4
0.796272873878479,1.4909228086471558,1.203658196143806,49,1,17.7578125,3,4
0.796272873878479,1.4909228086471558,1.1958017302677035,49,1,17.7578125,3,4
0.796272873878479,1.4909228086471558,1.1874496638774872,49,1,17.7578125,3,4
0.796272873878479,1.4909228086471558,1.205069299787283,49,1,17.7578125,3,4
0.796272873878479,1.4909228086471558,1.19403444416821,49,1,17.7578125,3,4
0.796272873878479,1.4909228086471558,1.1932895574718714,49,1,17.7578125,1,4
0.796272873878479,1.4909228086471558,1.1829884061589837,49,1,17.7578125,3,4
0.796272873878479,1.4909228086471558,1.1972199343144894,49,1,17.7578125,3,4
0.796272873878479,1.4909228086471558,1.1889586690813303,49,1,17.7578125,3,4
0.796272873878479,1.4909228086471558,1.186066059395671,49,1,17.7578125,1,4
0.796272873878479,1.4909228086471558,1.205069299787283,49,1,17.7578125,3,4
0.796272873878479,1.4909228086471558,1.1958396527916193,49,1,17.7578125,3,4
0.796272873878479,1.4909228086471558,1.2008093670010567,49,1,17.7578125,3,4
0.796272873878479,1.4909228086471558,1.1958049722015858,49,1,17.7578125,1,4
0.796272873878479,1.4909228086471558,1.1810516528785229,49,1,17.7578125,1,4
0.796272873878479,1.4909228086471558,1.2092111203819513,49,1,17.7578125,3,4
0.796272873878479,1.4909228086471558,1.197171900421381,49,1,17.7578125,3,4
0.796272873878479,1.4909228086471558,1.1830651732161641,49,1,17.7578125,3,4
0.796272873878479,1.4909228086471558,1.1847528405487537,49,1,17.7578125,3,4
0.796272873878479,1.4909228086471558,1.2046772884204984,49,1,17.7578125,3,4
0.796272873878479,1.4909228086471558,1.1903332564979792,49,1,17.7578125,1,4
0.796272873878479,1.4909228086471558,1.204924794845283,49,1,17.7578125,3,4
0.796272873878479,1.4909228086471558,1.2052495386451483,49,1,17.7578125,1,4
0.796272873878479,1.4909228086471558,1.1836487343534827,49,1,17.7578125,3,4
0.796272873878479,1.4909228086471558,1.1917362427338958,49,1,17.7578125,3,4
0.796272873878479,1.4909228086471558,1.1823754543438554,49,1,17.7578125,3,4
0.796272873878479,1.4909228086471558,1.1940150912851095,49,1,17.7578125,3,4
0.796272873878479,1.4909228086471558,1.2035904582589865,49,1,17.7578125,3,4
0.796272873878479,1.4909228086471558,1.1927605932578444,49,1,17.7578125,3,4
0.796272873878479,1.4909228086471558,1.1905735479667783,49,1,17.7578125,3,4
0.796272873878479,1.4909228086471558,1.1955362604930997,49,1,17.7578125,3,4
0.796272873878479,1.4909228086471558,1.1903259921818972,49,1,17.7578125,3,4
0.796272873878479,1.4909228086471558,1.1897940635681152,49,1,17.7578125,1,4
0.796272873878479,1.4909228086471558,1.2035306552425027,49,1,17.7578125,3,4
0.796272873878479,1.4909228086471558,1.179909585043788,49,1,17.7578125,3,4
0.796272873878479,1.4909228086471558,1.1731619127094746,49,1,17.7578125,3,4
0.796272873878479,1.4909228086471558,1.1901519941166043,49,1,17.7578125,3,4
0.796272873878479,1.4909228086471558,1.207339284941554,49,1,17.7578125,3,4
0.796272873878479,1.4909228086471558,1.1872862009331584,49,1,17.7578125,3,4
0.796272873878479,1.4909228086471558,1.1899675503373146,49,1,17.7578125,3,4
0.796272873878479,1.4909228086471558,1.1823220569640398,49,1,17.7578125,3,4
0.796272873878479,1.4909228086471558,1.209013257175684,49,1,17.7578125,3,4
0.796272873878479,1.4909228086471558,1.192787409760058,49,1,17.7578125,3,4
0.796272873878479,1.4909228086471558,1.1944848522543907,49,1,17.7578125,3,4
0.796272873878479,1.4909228086471558,1.195726128295064,49,1,17.7578125,3,4
0.796272873878479,1.4909228086471558,1.1808349685743451,49,1,17.7578125,3,4
0.796272873878479,1.4909228086471558,1.191126635298133,49,1,17.7578125,3,4
0.796272873878479,1.4909228086471558,1.1826744051650167,49,1,17.7578125,3,4
0.796272873878479,1.4909228086471558,1.1824168991297483,49,1,17.7578125,3,4
0.796272873878479,1.4909228086471558,1.2048233589157462,49,1,17.7578125,3,4
0.796272873878479,1.4909228086471558,1.1968174753710628,49,1,17.7578125,3,4
0.796272873878479,1.4909228086471558,1.1810616645962,49,1,17.7578125,3,4
0.796272873878479,1.4909228086471558,1.1941570853814483,49,1,17.7578125,3,4
0.796272873878479,1.4909228086471558,1.2003781460225582,49,1,17.7578125,1,4
0.796272873878479,1.4909228086471558,1.1930948663502932,49,1,17.7578125,3,4
0.796272873878479,1.4909228086471558,1.181068928912282,49,1,17.7578125,3,4
0.796272873878479,1.4909228086471558,1.1999224163591862,49,1,17.7578125,3,4
0.796272873878479,1.4909228086471558,1.1928862454369664,49,1,17.7578125,3,4
0.796272873878479,1.4909228086471558,1.2007391890510917,49,1,17.7578125,3,4
0.796272873878479,1.4909228086471558,1.2010592259466648,49,1,17.7578125,1,4
0.796272873878479,1.4909228086471558,1.1912801694124937,49,1,17.7578125,3,4
0.796272873878479,1.4909228086471558,1.2035334026440978,49,1,17.7578125,3,4
0.796272873878479,1.4909228086471558,1.1914062658324838,49,1,17.7578125,1,4
0.796272873878479,1.4909228086471558,1.1944276373833418,49,1,17.7578125,3,4
0.796272873878479,1.4909228086471558,1.1902144737541676,49,1,17.7578125,3,4
0.796272873878479,1.4909228086471558,1.1997877638787031,49,1,17.7578125,3,4
0.796272873878479,1.4909228086471558,1.206049987114966,49,1,17.7578125,3,4
0.796272873878479,1.4909228086471558,1.1994931967929006,49,1,17.7578125,3,4
0.796272873878479,1.4909228086471558,1.2050647120922804,49,1,17.7578125,3,4
0.796272873878479,1.4909228086471558,1.1944303140044212,49,1,17.7578125,3,4
0.796272873878479,1.4909228086471558,1.2049128143116832,49,1,17.7578125,3,4
0.796272873878479,1.4909228086471558,1.1886163325980306,49,1,17.7578125,3,4
0.796272873878479,1.4909228086471558,1.1952300453558564,49,1,17.7578125,1,4
0.796272873878479,1.4909228086471558,1.1946716094389558,49,1,17.7578125,3,4
0.796272873878479,1.4909228086471558,1.1968295639380813,49,1,17.7578125,1,4
0.796272873878479,1.4909228086471558,1.190470497123897,49,1,17.7578125,3,4
0.796272873878479,1.4909228086471558,1.1902169845998287,49,1,17.7578125,3,4
0.796272873878479,1.4909228086471558,1.2074144165962934,49,1,17.7578125,1,4
0.796272873878479,1.4909228086471558,1.186306613497436,49,1,17.7578125,1,4
0.796272873878479,1.4909228086471558,1.1957161165773869,49,1,17.7578125,3,4
0.796272873878479,1.4909228086471558,1.204852120950818,49,1,17.7578125,3,4
0.796272873878479,1.4909228086471558,1.1900845682248473,49,1,17.7578125,3,4
0.796272873878479,1.4909228086471558,1.1902564894407988,49,1,17.7578125,3,4
0.796272873878479,1.4909228086471558,1.1998572666198015,49,1,17.7578125,1,4
0.796272873878479,1.4909228086471558,1.1955341836437583,49,1,17.7578125,3,4
0.796272873878479,1.4909228086471558,1.1929794298484921,49,1,17.7578125,3,4
0.796272873878479,1.4909228086471558,1.1873218640685081,49,1,17.7578125,1,4
0.796272873878479,1.4909228086471558,1.1932967146858573,49,1,17.7578125,1,4
0.796272873878479,1.4909228086471558,1.2046168148517609,49,1,17.7578125,3,4
0.796272873878479,1.4909228086471558,1.1938032312318683,49,1,17.7578125,3,4
0.796272873878479,1.4909228086471558,1.1982575487345457,49,1,17.7578125,3,4
0.796272873878479,1.4909228086471558,1.2035859413444996,49,1,17.7578125,1,4
0.796272873878479,1.4909228086471558,1.186443854123354,49,1,17.7578125,1,4
0.796272873878479,1.4909228086471558,1.1914329212158918,49,1,17.7578125,3,4
0.796272873878479,1.4909228086471558,1.195404514670372,49,1,17.7578125,3,4
0.796272873878479,1.4909228086471558,1.2021811194717884,49,1,17.7578125,3,4
0.796272873878479,1.4909228086471558,1.1942511284723878,49,1,17.7578125,3,4
0.796272873878479,1.4909228086471558,1.1955736884847283,49,1,17.7578125,3,4
0.796272873878479,1.4909228086471558,1.1931830802932382,49,1,17.7578125,1,4
0.796272873878479,1.4909228086471558,1.1997554479166865,49,1,17.7578125,3,4
0.796272873878479,1.4909228086471558,1.1931939236819744,49,1,17.7578125,3,4
0.796272873878479,1.4909228086471558,1.1906596943736076,49,1,17.7578125,3,4
0.796272873878479,1.4909228086471558,1.1810169015079737,49,1,17.7578125,3,4
0.796272873878479,1.4909228086471558,1.2091556172817945,49,1,17.7578125,1,4
0.796272873878479,1.4909228086471558,1.186565313488245,49,1,17.7578125,3,4
0.796272873878479,1.4909228086471558,1.188836027868092,49,1,17.7578125,3,4
0.796272873878479,1.4909228086471558,1.1982750240713358,49,1,17.7578125,3,4
0.796272873878479,1.4909228086471558,1.208798574283719,49,1,17.7578125,3,4
0.796272873878479,1.4909228086471558,1.195590435527265,49,1,17.7578125,3,4
0.796272873878479,1.4909228086471558,1.1998342918232083,49,1,17.7578125,3,4
0.796272873878479,1.4909228086471558,1.1953996904194355,49,1,17.7578125,1,4
0.796272873878479,1.4909228086471558,1.2075693868100643,49,1,17.7578125,3,4
0.796272873878479,1.4909228086471558,1.176730646751821,49,1,17.7578125,1,4
0.796272873878479,1.4909228086471558,1.2022473635151982,49,1,17.7578125,3,4
0.796272873878479,1.4909228086471558,1.1893218820914626,49,1,17.7578125,3,4
0.796272873878479,1.4909228086471558,1.2087907856330276,49,1,17.7578125,3,4
0.796272873878479,1.4909228086471558,1.1958022247999907,49,1,17.7578125,3,4
0.796272873878479,1.4909228086471558,1.2036424856632948,49,1,17.7578125,3,4
0.796272873878479,1.4909228086471558,1.1900800513103604,49,1,17.7578125,1,4
0.796272873878479,1.4909228086471558,1.1962088523432612,49,1,17.7578125,3,4
0.796272873878479,1.4909228086471558,1.1995055601000786,49,1,17.7578125,1,4
0.796272873878479,1.4909228086471558,1.2020182274281979,49,1,17.7578125,3,4
0.796272873878479,1.4909228086471558,1.1958003845065832,49,1,17.7578125,3,4
0.796272873878479,1.4909228086471558,1.1995856035500765,49,1,17.7578125,3,4
0.796272873878479,1.4909228086471558,1.198453115299344,49,1,17.7578125,3,4
0.796272873878479,1.4909228086471558,1.1901505924761295,49,1,17.7578125,3,4
0.796272873878479,1.4909228086471558,1.1992776235565543,49,1,17.7578125,3,4
0.796272873878479,1.4909228086471558,1.2051433958113194,49,1,17.7578125,1,4
0.796272873878479,1.4909228086471558,1.2035574717447162,49,1,17.7578125,3,4
0.796272873878479,1.4909228086471558,1.201038139872253,49,1,17.7578125,3,4
0.796272873878479,1.4909228086471558,1.1994519848376513,49,1,17.7578125,3,4
0.796272873878479,1.4909228086471558,1.1912034023553133,49,1,17.7578125,3,4
0.796272873878479,1.4909228086471558,1.1904182704165578,49,1,17.7578125,3,4
0.796272873878479,1.4909228086471558,1.1920264940708876,49,1,17.7578125,3,4
0.796272873878479,1.4909228086471558,1.191996781155467,49,1,17.7578125,3,4
0.796272873878479,1.4909228086471558,1.2036094991490245,49,1,17.7578125,3,4
0.796272873878479,1.4909228086471558,1.208795826882124,49,1,17.7578125,3,4
0.796272873878479,1.4909228086471558,1.1916816094890237,49,1,17.7578125,3,4
0.796272873878479,1.4909228086471558,1.1917033270001411,49,1,17.7578125,3,4
0.796272873878479,1.4909228086471558,1.2010853430256248,49,1,17.7578125,3,4
0.796272873878479,1.4909228086471558,1.1953352112323046,49,1,17.7578125,3,4
0.796272873878479,1.4909228086471558,1.1878718389198184,49,1,17.7578125,3,4
0.796272873878479,1.4909228086471558,1.2035574717447162,49,1,17.7578125,3,4
0.796272873878479,1.4909228086471558,1.1851139590144157,49,1,17.7578125,3,4
0.796272873878479,1.4909228086471558,1.2024123324081302,49,1,17.7578125,3,4
0.796272873878479,1.4909228086471558,1.187838664278388,49,1,17.7578125,3,4
0.796272873878479,1.4909228086471558,1.1753821056336164,49,1,17.7578125,3,4
0.796272873878479,1.4909228086471558,1.1927859038114548,49,1,17.7578125,3,4
0.796272873878479,1.4909228086471558,1.200374928303063,49,1,17.7578125,3,4
0.796272873878479,1.4909228086471558,1.1890006847679615,49,1,17.7578125,3,4
0.796272873878479,1.4909228086471558,1.1929144393652678,49,1,17.7578125,3,4
0.796272873878479,1.4909228086471558,1.1960518956184387,49,1,17.7578125,1,4
0.796272873878479,1.4909228086471558,1.178226369433105,49,1,17.7578125,1,4
0.796272873878479,1.4909228086471558,1.2006764216348529,49,1,17.7578125,3,4
0.796272873878479,1.4909228086471558,1.1926182359457016,49,1,17.7578125,3,4
0.796272873878479,1.4909228086471558,1.1912381537258625,49,1,17.7578125,1,4
0.796272873878479,1.4909228086471558,1.1751929083839059,49,1,17.7578125,1,4
0.796272873878479,1.4909228086471558,1.2031578458845615,49,1,17.7578125,3,4
0.796272873878479,1.4909228086471558,1.1955280900001526,49,1,17.7578125,3,4
0.796272873878479,1.4909228086471558,1.1836414700374007,49,1,17.7578125,3,4
0.796272873878479,1.4909228086471558,1.203411272726953,49,1,17.7578125,1,4
0.796272873878479,1.4909228086471558,1.2038664342835546,49,1,17.7578125,3,4
0.796272873878479,1.4909228086471558,1.204771931283176,49,1,17.7578125,1,4
0.796272873878479,1.4909228086471558,1.1879405714571476,49,1,17.7578125,3,4
0.796272873878479,1.4909228086471558,1.1952394573017955,49,1,17.7578125,3,4
0.796272873878479,1.4909228086471558,1.189148498699069,49,1,17.7578125,1,4
0.796272873878479,1.4909228086471558,1.1903288150206208,49,1,17.7578125,3,4
0.796272873878479,1.4909228086471558,1.2051050337031484,49,1,17.7578125,3,4
0.796272873878479,1.4909228086471558,1.1912454180419445,49,1,17.7578125,1,4
0.796272873878479,1.4909228086471558,1.1914319386705756,49,1,17.7578125,1,4
0.796272873878479,1.4909228086471558,1.1952053057029843,49,1,17.7578125,3,4
0.796272873878479,1.4909228086471558,1.195429254323244,49,1,17.7578125,3,4
0.796272873878479,1.4909228086471558,1.1890179608017206,49,1,17.7578125,3,4
0.796272873878479,1.4909228086471558,1.1995420223101974,49,1,17.7578125,3,4
0.796272873878479,1.4909228086471558,1.195635873824358,49,1,17.7578125,3,4
0.796272873878479,1.4909228086471558,1.1952657084912062,49,1,17.7578125,3,4
0.796272873878479,1.4909228086471558,1.191796975210309,49,1,17.7578125,1,4
0.796272873878479,1.4909228086471558,1.208725648932159,49,1,17.7578125,3,4
0.796272873878479,1.4909228086471558,1.1963716549798846,49,1,17.7578125,3,4
0.796272873878479,1.4909228086471558,1.1957608088850975,49,1,17.7578125,3,4
0.796272873878479,1.4909228086471558,1.1954812817275524,49,1,17.7578125,3,4
0.796272873878479,1.4909228086471558,1.191240830346942,49,1,17.7578125,3,4
0.796272873878479,1.4909228086471558,1.1865753252059221,49,1,17.7578125,3,4
0.796272873878479,1.4909228086471558,1.2074905429035425,49,1,17.7578125,3,4
0.796272873878479,1.4909228086471558,1.1831172006204724,49,1,17.7578125,3,4
0.796272873878479,1.4909228086471558,1.1959153255447745,49,1,17.7578125,3,4
0.796272873878479,1.4909228086471558,1.1891478663310409,49,1,17.7578125,3,4
0.796272873878479,1.4909228086471558,1.2009429149329662,49,1,17.7578125,3,4
0.796272873878479,1.4909228086471558,1.1835345393046737,49,1,17.7578125,1,4
0.796272873878479,1.4909228086471558,1.2010772796347737,49,1,17.7578125,3,4
0.796272873878479,1.4909228086471558,1.1901183864101768,49,1,17.7578125,1,4
0.796272873878479,1.4909228086471558,1.2090548388659954,49,1,17.7578125,3,4
0.796272873878479,1.4909228086471558,1.1996103432029486,49,1,17.7578125,3,4
0.796272873878479,1.4909228086471558,1.1914630141109228,49,1,17.7578125,3,4
0.796272873878479,1.4909228086471558,1.1872635381296277,49,1,17.7578125,3,4
0.796272873878479,1.4909228086471558,1.1862371815368533,49,1,17.7578125,1,4
0.796272873878479,1.4909228086471558,1.1959820808842778,49,1,17.7578125,3,4
0.796272873878479,1.4909228086471558,1.186163011007011,49,1,17.7578125,1,4
0.796272873878479,1.4909228086471558,1.1941269217059016,49,1,17.7578125,3,4
0.796272873878479,1.4909228086471558,1.186196930706501,49,1,17.7578125,3,4
0.796272873878479,1.4909228086471558,1.181194581091404,49,1,17.7578125,3,4
0.796272873878479,1.4909228086471558,1.2013187035918236,49,1,17.7578125,3,4
0.796272873878479,1.4909228086471558,1.1915298402309418,49,1,17.7578125,3,4
0.796272873878479,1.4909228086471558,1.2011971734464169,49,1,17.7578125,3,4
0.796272873878479,1.4909228086471558,1.1931283762678504,49,1,17.7578125,1,4
0.796272873878479,1.4909228086471558,1.1944129094481468,49,1,17.7578125,3,4
0.796272873878479,1.4909228086471558,1.1798460399731994,49,1,17.7578125,3,4
0.796272873878479,1.4909228086471558,1.1966331023722887,49,1,17.7578125,3,4
0.796272873878479,1.4909228086471558,1.181817232631147,49,1,17.7578125,3,4
0.796272873878479,1.4909228086471558,1.1898460909724236,49,1,17.7578125,3,4
0.796272873878479,1.4909228086471558,1.2063196813687682,49,1,17.7578125,3,4
0.796272873878479,1.4909228086471558,1.1916512995958328,49,1,17.7578125,3,4
0.796272873878479,1.4909228086471558,1.1808349685743451,49,1,17.7578125,3,4
0.796272873878479,1.4909228086471558,1.2166556399315596,49,1,17.7578125,1,4
0.796272873878479,1.4909228086471558,1.1796399615705013,49,1,17.7578125,3,4
0.796272873878479,1.4909228086471558,1.2045043846592307,49,1,17.7578125,1,4
0.796272873878479,1.4909228086471558,1.2022443991154432,49,1,17.7578125,3,4
0.796272873878479,1.4909228086471558,1.203791432082653,49,1,17.7578125,3,4
0.796272873878479,1.4909228086471558,1.1915672682225704,49,1,17.7578125,3,4
0.796272873878479,1.4909228086471558,1.1945972396060824,49,1,17.7578125,3,4
0.796272873878479,1.4909228086471558,1.2064844137057662,49,1,17.7578125,3,4
0.796272873878479,1.4909228086471558,1.2037948546931148,49,1,17.7578125,3,4
0.796272873878479,1.4909228086471558,1.2008607238531113,49,1,17.7578125,3,4
0.796272873878479,1.4909228086471558,1.2007416291162372,49,1,17.7578125,3,4
0.796272873878479,1.4909228086471558,1.1874874867498875,49,1,17.7578125,3,4
0.796272873878479,1.4909228086471558,1.1899878485128284,49,1,17.7578125,3,4
0.796272873878479,1.4909228086471558,1.1952657792717218,49,1,17.7578125,3,4
0.796272873878479,1.4909228086471558,1.1872389977797866,49,1,17.7578125,3,4
0.796272873878479,1.4909228086471558,1.1902538128197193,49,1,17.7578125,1,4
0.796272873878479,1.4909228086471558,1.1825634809210896,49,1,17.7578125,3,4
0.796272873878479,1.4909228086471558,1.195307794958353,49,1,17.7578125,3,4
0.796272873878479,1.4909228086471558,1.1955244084820151,49,1,17.7578125,3,4
0.796272873878479,1.4909228086471558,1.2066327603533864,49,1,17.7578125,3,4
0.796272873878479,1.4909228086471558,1.198387454263866,49,1,17.7578125,3,4
0.796272873878479,1.4909228086471558,1.190188822336495,49,1,17.7578125,3,4
0.796272873878479,1.4909228086471558,1.1929518673568964,49,1,17.7578125,1,4
0.796272873878479,1.4909228086471558,1.193074842914939,49,1,17.7578125,1,4
0.796272873878479,1.4909228086471558,1.1961196335032582,49,1,17.7578125,3,4
0.796272873878479,1.4909228086471558,1.2090996019542217,49,1,17.7578125,3,4
0.796272873878479,1.4909228086471558,1.1872142581269145,49,1,17.7578125,1,4
0.796272873878479,1.4909228086471558,1.1887519964948297,49,1,17.7578125,3,4
0.796272873878479,1.4909228086471558,1.1995583157986403,49,1,17.7578125,3,4
0.796272873878479,1.4909228086471558,1.187202169559896,49,1,17.7578125,1,4
0.796272873878479,1.4909228086471558,1.1916655041277409,49,1,17.7578125,3,4
0.796272873878479,1.4909228086471558,1.1997534465044737,49,1,17.7578125,3,4
0.796272873878479,1.4909228086471558,1.193084254860878,49,1,17.7578125,3,4
0.796272873878479,1.4909228086471558,1.1942411167547107,49,1,17.7578125,3,4
0.796272873878479,1.4909228086471558,1.1877516862004995,49,1,17.7578125,3,4
0.796272873878479,1.4909228086471558,1.1852820217609406,49,1,17.7578125,3,4
0.796272873878479,1.4909228086471558,1.2169066397473216,49,1,17.7578125,1,4
0.796272873878479,1.4909228086471558,1.2045255191624165,49,1,17.7578125,1,4
0.796272873878479,1.4909228086471558,1.1944028977304697,49,1,17.7578125,3,4
0.796272873878479,1.4909228086471558,1.1915041180327535,49,1,17.7578125,3,4
0.796272873878479,1.4909228086471558,1.1846591923385859,49,1,17.7578125,3,4
0.796272873878479,1.4909228086471558,1.203532732091844,49,1,17.7578125,3,4
0.796272873878479,1.4909228086471558,1.1916936980560422,49,1,17.7578125,3,4
0.796272873878479,1.4909228086471558,1.190485025756061,49,1,17.7578125,3,4
0.796272873878479,1.4909228086471558,1.1942463042214513,49,1,17.7578125,3,4
0.796272873878479,1.4909228086471558,1.1952287927269936,49,1,17.7578125,3,4
0.796272873878479,1.4909228086471558,1.2031817538663745,49,1,17.7578125,3,4
0.796272873878479,1.4909228086471558,1.2133128410205245,49,1,17.7578125,3,4
0.796272873878479,1.4909228086471558,1.1955516962334514,49,1,17.7578125,1,4
0.796272873878479,1.4909228086471558,1.1948788678273559,49,1,17.7578125,3,4
0.796272873878479,1.4909228086471558,1.1966112982481718,49,1,17.7578125,3,4
0.796272873878479,1.4909228086471558,1.1957802325487137,49,1,17.7578125,3,4
0.796272873878479,1.4909228086471558,1.203585870563984,49,1,17.7578125,3,4
0.796272873878479,1.4909228086471558,1.18495599552989,49,1,17.7578125,3,4
0.796272873878479,1.4909228086471558,1.191387846134603,49,1,17.7578125,3,4
0.796272873878479,1.4909228086471558,1.1875397134572268,49,1,17.7578125,3,4
0.796272873878479,1.4909228086471558,1.1915298402309418,49,1,17.7578125,3,4
0.796272873878479,1.4909228086471558,1.1940223556011915,49,1,17.7578125,3,4
0.796272873878479,1.4909228086471558,1.1891854405403137,49,1,17.7578125,3,4
0.796272873878479,1.4909228086471558,1.209059426560998,49,1,17.7578125,3,4
0.796272873878479,1.4909228086471558,1.1984322173520923,49,1,17.7578125,1,4
0.796272873878479,1.4909228086471558,1.1943928860127926,49,1,17.7578125,3,4
0.796272873878479,1.4909228086471558,1.199306950904429,49,1,17.7578125,3,4
0.796272873878479,1.4909228086471558,1.200627670623362,49,1,17.7578125,3,4
0.796272873878479,1.4909228086471558,1.205047307536006,49,1,17.7578125,1,4
0.796272873878479,1.4909228086471558,1.2004557494074106,49,1,17.7578125,1,4
0.796272873878479,1.4909228086471558,1.1994208125397563,49,1,17.7578125,3,4
0.796272873878479,1.4909228086471558,1.1983370631933212,49,1,17.7578125,3,4
0.796272873878479,1.4909228086471558,1.1918852599337697,49,1,17.7578125,3,4
0.796272873878479,1.4909228086471558,1.198718479834497,49,1,17.7578125,3,4
0.796272873878479,1.4909228086471558,1.1969433641061187,49,1,17.7578125,3,4
0.796272873878479,1.4909228086471558,1.1942831324413419,49,1,17.7578125,3,4
0.796272873878479,1.4909228086471558,1.1914381943643093,49,1,17.7578125,3,4
0.796272873878479,1.4909228086471558,1.1891315849497914,49,1,17.7578125,3,4
0.796272873878479,1.4909228086471558,1.1873079063370824,49,1,17.7578125,3,4
0.796272873878479,1.4909228086471558,1.1865206211805344,49,1,17.7578125,3,4
0.796272873878479,1.4909228086471558,1.1926732147112489,49,1,17.7578125,1,4
0.796272873878479,1.4909228086471558,1.1889659333974123,49,1,17.7578125,3,4
0.796272873878479,1.4909228086471558,1.1952282804995775,49,1,17.7578125,3,4
0.796272873878479,1.4909228086471558,1.1967793013900518,49,1,17.7578125,3,4
0.796272873878479,1.4909228086471558,1.2007042011246085,49,1,17.7578125,3,4
0.796272873878479,1.4909228086471558,1.2000033371150494,49,1,17.7578125,3,4
0.796272873878479,1.4909228086471558,1.1912681180983782,49,1,17.7578125,3,4
0.796272873878479,1.4909228086471558,1.1889385171234608,49,1,17.7578125,3,4
0.796272873878479,1.4909228086471558,1.1902492251247168,49,1,17.7578125,3,4
0.796272873878479,1.4909228086471558,1.1925734728574753,49,1,17.7578125,3,4
0.796272873878479,1.4909228086471558,1.1916438359767199,49,1,17.7578125,3,4
0.796272873878479,1.4909228086471558,1.201070743612945,49,1,17.7578125,3,4
0.796272873878479,1.4909228086471558,1.1889920504763722,49,1,17.7578125,3,4
0.796272873878479,1.4909228086471558,1.2077959217131138,49,1,17.7578125,3,4
0.796272873878479,1.4909228086471558,1.1994794718921185,49,1,17.7578125,1,4
0.796272873878479,1.4909228086471558,1.2006748737767339,49,1,17.7578125,3,4
0.796272873878479,1.4909228086471558,1.1962951757013798,49,1,17.7578125,3,4
0.796272873878479,1.4909228086471558,1.1993416314944625,49,1,17.7578125,1,4
0.796272873878479,1.4909228086471558,1.186558049172163,49,1,17.7578125,3,4
0.796272873878479,1.4909228086471558,1.19816417619586,49,1,17.7578125,3,4
0.796272873878479,1.4909228086471558,1.1943983100354671,49,1,17.7578125,3,4
0.796272873878479,1.4909228086471558,1.2129869274795055,49,1,17.7578125,3,4
0.796272873878479,1.4909228086471558,1.1951908525079489,49,1,17.7578125,3,4
0.796272873878479,1.4909228086471558,1.2009481023997068,49,1,17.7578125,3,4
0.796272873878479,1.4909228086471558,1.200585418380797,49,1,17.7578125,3,4
0.796272873878479,1.4909228086471558,1.1920095421373844,49,1,17.7578125,3,4
0.796272873878479,1.4909228086471558,1.1952373096719384,49,1,17.7578125,3,4
0.796272873878479,1.4909228086471558,1.1892144223675132,49,1,17.7578125,1,4
0.796272873878479,1.4909228086471558,1.1960570830851793,49,1,17.7578125,3,4
0.796272873878479,1.4909228086471558,1.2010576389729977,49,1,17.7578125,3,4
0.796272873878479,1.4909228086471558,1.1860754005610943,49,1,17.7578125,3,4
0.796272873878479,1.4909228086471558,1.2035702308639884,49,1,17.7578125,3,4
0.796272873878479,1.4909228086471558,1.1824117116630077,49,1,17.7578125,3,4
0.796272873878479,1.4909228086471558,1.1905203768983483,49,1,17.7578125,3,4
0.796272873878479,1.4909228086471558,1.2093958761543036,49,1,17.7578125,3,4
0.796272873878479,1.4909228086471558,1.1889198003336787,49,1,17.7578125,3,4
0.796272873878479,1.4909228086471558,1.1914077987894416,49,1,17.7578125,1,4
0.796272873878479,1.4909228086471558,1.1846750909462571,49,1,17.7578125,3,4
0.796272873878479,1.4909228086471558,1.1955244084820151,49,1,17.7578125,3,4
0.796272873878479,1.4909228086471558,1.1952630318701267,49,1,17.7578125,1,4
0.796272873878479,1.4909228086471558,1.1927626701071858,49,1,17.7578125,3,4
0.796272873878479,1.4909228086471558,1.1875845519825816,49,1,17.7578125,3,4
0.796272873878479,1.4909228086471558,1.1968876104801893,49,1,17.7578125,1,4
0.796272873878479,1.4909228086471558,1.2089049806818366,49,1,17.7578125,3,4
0.796272873878479,1.4909228086471558,1.1887072334066033,49,1,17.7578125,3,4
0.796272873878479,1.4909228086471558,1.1929345913231373,49,1,17.7578125,3,4
0.796272873878479,1.4909228086471558,1.187939576804638,49,1,17.7578125,3,4
0.796272873878479,1.4909228086471558,1.1966001158580184,49,1,17.7578125,3,4
0.796272873878479,1.4909228086471558,1.1951185269281268,49,1,17.7578125,3,4
0.796272873878479,1.4909228086471558,1.2078882530331612,49,1,17.7578125,3,4
0.796272873878479,1.4909228086471558,1.1994568090885878,49,1,17.7578125,3,4
0.796272873878479,1.4909228086471558,1.2039011856541038,49,1,17.7578125,1,4
0.796272873878479,1.4909228086471558,1.175706966780126,49,1,17.7578125,1,4
0.796272873878479,1.4909228086471558,1.1967910565435886,49,1,17.7578125,3,4
0.796272873878479,1.4909228086471558,1.1861449033021927,49,1,17.7578125,3,4
0.796272873878479,1.4909228086471558,1.1876246565952897,49,1,17.7578125,1,4
0.796272873878479,1.4909228086471558,1.2049338733777404,49,1,17.7578125,1,4
0.796272873878479,1.4909228086471558,1.2118883915245533,49,1,17.7578125,3,4
0.796272873878479,1.4909228086471558,1.1941321091726422,49,1,17.7578125,3,4
0.796272873878479,1.4909228086471558,1.2033592453226447,49,1,17.7578125,3,4
0.796272873878479,1.4909228086471558,1.199509035795927,49,1,17.7578125,3,4
0.796272873878479,1.4909228086471558,1.1944703990593553,49,1,17.7578125,1,4
0.796272873878479,1.4909228086471558,1.2078335862606764,49,1,17.7578125,3,4
0.796272873878479,1.4909228086471558,1.204885526560247,49,1,17.7578125,3,4
0.796272873878479,1.4909228086471558,1.182580686174333,49,1,17.7578125,3,4
0.796272873878479,1.4909228086471558,1.2022331468760967,49,1,17.7578125,3,4
0.796272873878479,1.4909228086471558,1.1822297787293792,49,1,17.7578125,3,4
0.796272873878479,1.4909228086471558,1.1888517383486032,49,1,17.7578125,3,4
0.796272873878479,1.4909228086471558,1.180986737832427,49,1,17.7578125,1,4
0.796272873878479,1.4909228086471558,1.189189882017672,49,1,17.7578125,1,4
0.796272873878479,1.4909228086471558,1.1983881248161197,49,1,17.7578125,3,4
0.796272873878479,1.4909228086471558,1.2077312963083386,49,1,17.7578125,1,4
0.796272873878479,1.4909228086471558,1.2035806057974696,49,1,17.7578125,3,4
0.796272873878479,1.4909228086471558,1.198201079852879,49,1,17.7578125,3,4
0.796272873878479,1.4909228086471558,1.2024643598124385,49,1,17.7578125,3,4
0.796272873878479,1.4909228086471558,1.2006559576839209,49,1,17.7578125,3,4
0.796272873878479,1.4909228086471558,1.1945098284631968,49,1,17.7578125,3,4
0.796272873878479,1.4909228086471558,1.1863688519224524,49,1,17.7578125,3,4
0.796272873878479,1.4909228086471558,1.2009082343429327,49,1,17.7578125,1,4
0.796272873878479,1.4909228086471558,1.1955369310453534,49,1,17.7578125,3,4
0.796272873878479,1.4909228086471558,1.2005892600864172,49,1,17.7578125,3,4
0.796272873878479,1.4909228086471558,1.1938851857557893,49,1,17.7578125,1,4
0.796272873878479,1.4909228086471558,1.1872462620958686,49,1,17.7578125,3,4
0.796272873878479,1.4909228086471558,1.1998152509331703,49,1,17.7578125,1,4
0.796272873878479,1.4909228086471558,1.195731713436544,49,1,17.7578125,3,4
0.796272873878479,1.4909228086471558,1.191915499046445,49,1,17.7578125,1,4
0.796272873878479,1.4909228086471558,1.1970721585676074,49,1,17.7578125,3,4
0.796272873878479,1.4909228086471558,1.194203688763082,49,1,17.7578125,3,4
0.796272873878479,1.4909228086471558,1.2008939981460571,49,1,17.7578125,3,4
0.796272873878479,1.4909228086471558,1.1887072334066033,49,1,17.7578125,3,4
0.796272873878479,1.4909228086471558,1.191048956476152,49,1,17.7578125,3,4
0.796272873878479,1.4909228086471558,1.1970458533614874,49,1,17.7578125,1,4
0.796272873878479,1.4909228086471558,1.1940849060192704,49,1,17.7578125,3,4
0.796272873878479,1.4909228086471558,1.1996103432029486,49,1,17.7578125,3,4
0.796272873878479,1.4909228086471558,1.190639542415738,49,1,17.7578125,3,4
0.796272873878479,1.4909228086471558,1.2115785544738173,49,1,17.7578125,3,4
0.796272873878479,1.4909228086471558,1.196948946453631,49,1,17.7578125,3,4
0.796272873878479,1.4909228086471558,1.1953996904194355,49,1,17.7578125,3,4
0.796272873878479,1.4909228086471558,1.181509637273848,49,1,17.7578125,3,4
0.796272873878479,1.4909228086471558,1.2006596745923162,49,1,17.7578125,3,4
0.796272873878479,1.4909228086471558,1.1997950989753008,49,1,17.7578125,3,4
0.796272873878479,1.4909228086471558,1.188889166340232,49,1,17.7578125,3,4
0.796272873878479,1.4909228086471558,1.1981735173612833,49,1,17.7578125,3,4
0.796272873878479,1.4909228086471558,1.1892318977043033,49,1,17.7578125,3,4
0.796272873878479,1.4909228086471558,1.1927758920937777,49,1,17.7578125,3,4
0.796272873878479,1.4909228086471558,1.2091086311265826,49,1,17.7578125,3,4
0.796272873878479,1.4909228086471558,1.2091863807290792,49,1,17.7578125,3,4
0.796272873878479,1.4909228086471558,1.1875222381204367,49,1,17.7578125,3,4
0.796272873878479,1.4909228086471558,1.1891017332673073,49,1,17.7578125,3,4
0.796272873878479,1.4909228086471558,1.2128470102325082,49,1,17.7578125,3,4
0.796272873878479,1.4909228086471558,1.1913926703855395,49,1,17.7578125,3,4
0.796272873878479,1.4909228086471558,1.2091876212507486,49,1,17.7578125,3,4
0.796272873878479,1.4909228086471558,1.1771017769351602,49,1,17.7578125,3,4
0.796272873878479,1.4909228086471558,1.184971365146339,49,1,17.7578125,3,4
0.796272873878479,1.4909228086471558,1.1928294254466891,49,1,17.7578125,3,4
0.796272873878479,1.4909228086471558,1.2033426016569138,49,1,17.7578125,3,4
0.796272873878479,1.4909228086471558,1.1941039469093084,49,1,17.7578125,3,4
0.796272873878479,1.4909228086471558,1.1941689373925328,49,1,17.7578125,3,4
0.796272873878479,1.4909228086471558,1.1971777193248272,49,1,17.7578125,3,4
0.796272873878479,1.4909228086471558,1.1955862110480666,49,1,17.7578125,3,4
0.796272873878479,1.4909228086471558,1.1944588422775269,49,1,17.7578125,3,4
0.796272873878479,1.4909228086471558,1.1999960727989674,49,1,17.7578125,3,4
0.796272873878479,1.4909228086471558,1.1852820217609406,49,1,17.7578125,3,4
0.796272873878479,1.4909228086471558,1.1905846921727061,49,1,17.7578125,1,4
0.796272873878479,1.4909228086471558,1.1873306762427092,49,1,17.7578125,1,4
0.796272873878479,1.4909228086471558,1.1927578458562493,49,1,17.7578125,3,4
0.796272873878479,1.4909228086471558,1.2090343749150634,49,1,17.7578125,3,4
0.796272873878479,1.4909228086471558,1.2041599610820413,49,1,17.7578125,3,4
0.796272873878479,1.4909228086471558,1.1928624119609594,49,1,17.7578125,3,4
0.796272873878479,1.4909228086471558,1.2075127717107534,49,1,17.7578125,3,4
0.796272873878479,1.4909228086471558,1.2039039330556989,49,1,17.7578125,3,4
0.796272873878479,1.4909228086471558,1.1994867362082005,49,1,17.7578125,1,4
0.796272873878479,1.4909228086471558,1.1918919952586293,49,1,17.7578125,3,4
0.796272873878479,1.4909228086471558,1.1928582293912768,49,1,17.7578125,3,4
0.796272873878479,1.4909228086471558,1.1985062370076776,49,1,17.7578125,3,4
0.796272873878479,1.4909228086471558,1.1956157041713595,49,1,17.7578125,3,4
0.796272873878479,1.4909228086471558,1.2050531944260001,49,1,17.7578125,1,4
0.796272873878479,1.4909228086471558,1.1969111235812306,49,1,17.7578125,1,4
0.796272873878479,1.4909228086471558,1.1871587550267577,49,1,17.7578125,1,4
0.796272873878479,1.4909228086471558,1.2000163001939654,49,1,17.7578125,3,4
0.796272873878479,1.4909228086471558,1.184560895897448,49,1,17.7578125,1,4
0.796272873878479,1.4909228086471558,1.189078758470714,49,1,17.7578125,3,4
0.796272873878479,1.4909228086471558,1.1996103432029486,49,1,17.7578125,3,4
0.796272873878479,1.4909228086471558,1.2049112487584352,49,1,17.7578125,1,4
0.796272873878479,1.4909228086471558,1.1902244854718447,49,1,17.7578125,3,4
0.796272873878479,1.4909228086471558,1.2047018287703395,49,1,17.7578125,1,4
0.796272873878479,1.4909228086471558,1.1993763828650117,49,1,17.7578125,3,4
0.796272873878479,1.4909228086471558,1.2034761877730489,49,1,17.7578125,1,4
0.796272873878479,1.4909228086471558,1.1915817968547344,49,1,17.7578125,3,4
0.796272873878479,1.4909228086471558,1.1822745418176055,49,1,17.7578125,3,4
0.796272873878479,1.4909228086471558,1.1984250284731388,49,1,17.7578125,3,4
0.796272873878479,1.4909228086471558,1.1956393495202065,49,1,17.7578125,1,4
0.796272873878479,1.4909228086471558,1.1902665011584759,49,1,17.7578125,1,4
0.796272873878479,1.4909228086471558,1.1824262402951717,49,1,17.7578125,3,4
0.796272873878479,1.4909228086471558,1.1874098079279065,49,1,17.7578125,3,4
0.796272873878479,1.4909228086471558,1.1945373909547925,49,1,17.7578125,3,4
0.796272873878479,1.4909228086471558,1.1969389347359538,49,1,17.7578125,3,4
0.796272873878479,1.4909228086471558,1.180800217203796,49,1,17.7578125,1,4
0.796272873878479,1.4909228086471558,1.1863386882469058,49,1,17.7578125,3,4
0.796272873878479,1.4909228086471558,1.1951112626120448,49,1,17.7578125,3,4
0.796272873878479,1.4909228086471558,1.1944723296910524,49,1,17.7578125,3,4
0.796272873878479,1.4909228086471558,1.207675939425826,49,1,17.7578125,3,4
0.796272873878479,1.4909228086471558,1.186345387250185,49,1,17.7578125,3,4
0.796272873878479,1.4909228086471558,1.1945654395967722,49,1,17.7578125,3,4
0.796272873878479,1.4909228086471558,1.203687248751521,49,1,17.7578125,3,4
0.796272873878479,1.4909228086471558,1.198019434697926,49,1,17.7578125,1,4
0.796272873878479,1.4909228086471558,1.207498318515718,49,1,17.7578125,1,4
0.796272873878479,1.4909228086471558,1.1928690019994974,49,1,17.7578125,3,4
0.796272873878479,1.4909228086471558,1.1954785343259573,49,1,17.7578125,1,4
0.796272873878479,1.4909228086471558,1.2008241321891546,49,1,17.7578125,3,4
0.796272873878479,1.4909228086471558,1.1780139384791255,49,1,17.7578125,3,4
0.796272873878479,1.4909228086471558,1.195942142046988,49,1,17.7578125,3,4
0.796272873878479,1.4909228086471558,1.1955316727980971,49,1,17.7578125,3,4
0.796272873878479,1.4909228086471558,1.1952373096719384,49,1,17.7578125,1,4
0.796272873878479,1.4909228086471558,1.1834061397239566,49,1,17.7578125,3,4
0.796272873878479,1.4909228086471558,1.199775000102818,49,1,17.7578125,3,4
0.796272873878479,1.4909228086471558,1.1943204319104552,49,1,17.7578125,3,4
0.796272873878479,1.4909228086471558,1.1938699865713716,49,1,17.7578125,3,4
0.796272873878479,1.4909228086471558,1.1942463042214513,49,1,17.7578125,1,4
0.796272873878479,1.4909228086471558,1.1972139161080122,49,1,17.7578125,3,4
0.796272873878479,1.4909228086471558,1.1848904052749276,49,1,17.7578125,3,4
0.796272873878479,1.4909228086471558,1.1915041180327535,49,1,17.7578125,1,4
0.796272873878479,1.4909228086471558,1.2038244185969234,49,1,17.7578125,3,4
0.796272873878479,1.4909228086471558,1.2032966949045658,49,1,17.7578125,3,4
0.796272873878479,1.4909228086471558,1.1823420096188784,49,1,17.7578125,3,4
0.796272873878479,1.4909228086471558,1.178378738462925,49,1,17.7578125,1,4
0.796272873878479,1.4909228086471558,1.1899878485128284,49,1,17.7578125,3,4
0.796272873878479,1.4909228086471558,1.199789528734982,49,1,17.7578125,1,4
0.796272873878479,1.4909228086471558,1.1916512995958328,49,1,17.7578125,3,4
0.796272873878479,1.4909228086471558,1.2025266736745834,49,1,17.7578125,3,4
0.796272873878479,1.4909228086471558,1.1964293057098985,49,1,17.7578125,3,4
0.796272873878479,1.4909228086471558,1.2073506256565452,49,1,17.7578125,3,4
0.796272873878479,1.4909228086471558,1.1955435955896974,49,1,17.7578125,3,4
0.796272873878479,1.4909228086471558,1.1902269963175058,49,1,17.7578125,3,4
0.796272873878479,1.4909228086471558,1.193535003811121,49,1,17.7578125,3,4
0.796272873878479,1.4909228086471558,1.1946816965937614,49,1,17.7578125,1,4
0.796272873878479,1.4909228086471558,1.1999540571123362,49,1,17.7578125,1,4
0.796272873878479,1.4909228086471558,1.2062524547800422,49,1,17.7578125,3,4
0.796272873878479,1.4909228086471558,1.1997778229415417,49,1,17.7578125,3,4
0.796272873878479,1.4909228086471558,1.1928580831736326,49,1,17.7578125,3,4
0.796272873878479,1.4909228086471558,1.1821929505094886,49,1,17.7578125,3,4
0.796272873878479,1.4909228086471558,1.2007117019966245,49,1,17.7578125,3,4
0.796272873878479,1.4909228086471558,1.1941269217059016,49,1,17.7578125,3,4
0.796272873878479,1.4909228086471558,1.1954960096627474,49,1,17.7578125,3,4
0.796272873878479,1.4909228086471558,1.197116426192224,49,1,17.7578125,3,4
0.796272873878479,1.4909228086471558,1.1996934413909912,49,1,17.7578125,3,4
0.796272873878479,1.4909228086471558,1.1968890549615026,49,1,17.7578125,3,4
0.796272873878479,1.4909228086471558,1.2076280759647489,49,1,17.7578125,3,4
0.796272873878479,1.4909228086471558,1.1765823001042008,49,1,17.7578125,3,4
0.796272873878479,1.4909228086471558,1.1903125047683716,49,1,17.7578125,3,4
0.796272873878479,1.4909228086471558,1.1906349547207355,49,1,17.7578125,3,4
0.796272873878479,1.4909228086471558,1.1862601563334465,49,1,17.7578125,3,4
0.796272873878479,1.4909228086471558,1.1967418733984232,49,1,17.7578125,3,4
0.796272873878479,1.4909228086471558,1.1902162386104465,49,1,17.7578125,3,4
0.796272873878479,1.4909228086471558,1.19455910846591,49,1,17.7578125,1,4
0.796272873878479,1.4909228086471558,1.2036973889917135,49,1,17.7578125,3,4
0.796272873878479,1.4909228086471558,1.1873166766017675,49,1,17.7578125,3,4
0.796272873878479,1.4909228086471558,1.1876173922792077,49,1,17.7578125,3,4
0.796272873878479,1.4909228086471558,1.1996231777593493,49,1,17.7578125,3,4
0.796272873878479,1.4909228086471558,1.2022878509014845,49,1,17.7578125,3,4
0.796272873878479,1.4909228086471558,1.1998600140213966,49,1,17.7578125,3,4
0.796272873878479,1.4909228086471558,1.1890409355983138,49,1,17.7578125,3,4
0.796272873878479,1.4909228086471558,1.1981708407402039,49,1,17.7578125,3,4
0.796272873878479,1.4909228086471558,1.1942041600123048,49,1,17.7578125,3,4
0.796272873878479,1.4909228086471558,1.202575878240168,49,1,17.7578125,3,4
0.796272873878479,1.4909228086471558,1.2010235404595733,49,1,17.7578125,3,4
0.796272873878479,1.4909228086471558,1.1994731733575463,49,1,17.7578125,3,4
0.796272873878479,1.4909228086471558,1.1996003314852715,49,1,17.7578125,3,4
0.796272873878479,1.4909228086471558,1.196681928820908,49,1,17.7578125,3,4
0.796272873878479,1.4909228086471558,1.1981781050562859,49,1,17.7578125,3,4
0.796272873878479,1.4909228086471558,1.2034578761085868,49,1,17.7578125,3,4
0.796272873878479,1.4909228086471558,1.1955736884847283,49,1,17.7578125,3,4
0.796272873878479,1.4909228086471558,1.2024543480947614,49,1,17.7578125,3,4
0.796272873878479,1.4909228086471558,1.194027179852128,49,1,17.7578125,3,4
0.796272873878479,1.4909228086471558,1.1953352112323046,49,1,17.7578125,3,4
0.796272873878479,1.4909228086471558,1.2045978447422385,49,1,17.7578125,3,4
0.796272873878479,1.4909228086471558,1.1983206989243627,49,1,17.7578125,3,4
0.796272873878479,1.4909228086471558,1.1794489994645119,49,1,17.7578125,3,4
0.796272873878479,1.4909228086471558,1.203515456058085,49,1,17.7578125,1,4
0.796272873878479,1.4909228086471558,1.2010935610160232,49,1,17.7578125,3,4
0.796272873878479,1.4909228086471558,1.195837958715856,49,1,17.7578125,1,4
0.796272873878479,1.4909228086471558,1.2007516408339143,49,1,17.7578125,3,4
0.796272873878479,1.4909228086471558,1.186172191053629,49,1,17.7578125,1,4
0.796272873878479,1.4909228086471558,1.1888723615556955,49,1,17.7578125,3,4
0.796272873878479,1.4909228086471558,1.2022394286468625,49,1,17.7578125,1,4
0.796272873878479,1.4909228086471558,1.1824289876967669,49,1,17.7578125,1,4
0.796272873878479,1.4909228086471558,1.1901468066498637,49,1,17.7578125,3,4
0.796272873878479,1.4909228086471558,1.2087486237287521,49,1,17.7578125,3,4
0.796272873878479,1.4909228086471558,1.1994704259559512,49,1,17.7578125,3,4
0.796272873878479,1.4909228086471558,1.1913110790774226,49,1,17.7578125,3,4
0.796272873878479,1.4909228086471558,1.1985371466726065,49,1,17.7578125,1,4
0.796272873878479,1.4909228086471558,1.1996811209246516,49,1,17.7578125,3,4
0.796272873878479,1.4909228086471558,1.1929077748209238,49,1,17.7578125,3,4
0.796272873878479,1.4909228086471558,1.1851258110255003,49,1,17.7578125,1,4
0.796272873878479,1.4909228086471558,1.198390201665461,49,1,17.7578125,3,4
0.796272873878479,1.4909228086471558,1.1997086079791188,49,1,17.7578125,3,4
0.796272873878479,1.4909228086471558,1.1850916594266891,49,1,17.7578125,3,4
0.796272873878479,1.4909228086471558,1.1971924472600222,49,1,17.7578125,3,4
0.796272873878479,1.4909228086471558,1.1909006098285317,49,1,17.7578125,3,4
0.796272873878479,1.4909228086471558,1.1960344202816486,49,1,17.7578125,3,4
0.796272873878479,1.4909228086471558,1.1864542290568352,49,1,17.7578125,1,4
0.796272873878479,1.4909228086471558,1.1913853352889419,49,1,17.7578125,3,4
0.796272873878479,1.4909228086471558,1.2086860733106732,49,1,17.7578125,3,4
0.796272873878479,1.4909228086471558,1.2049505170434713,49,1,17.7578125,3,4
0.796272873878479,1.4909228086471558,1.195629294961691,49,1,17.7578125,1,4
0.796272873878479,1.4909228086471558,1.1901402175426483,49,1,17.7578125,3,4
0.796272873878479,1.4909228086471558,1.1913433196023107,49,1,17.7578125,3,4
0.796272873878479,1.4909228086471558,1.1877649081870914,49,1,17.7578125,3,4
0.796272873878479,1.4909228086471558,1.1993791302666068,49,1,17.7578125,3,4
0.796272873878479,1.4909228086471558,1.1929952530190349,49,1,17.7578125,3,4
0.796272873878479,1.4909228086471558,1.1983270514756441,49,1,17.7578125,1,4
0.796272873878479,1.4909228086471558,1.191531010903418,49,1,17.7578125,3,4
0.796272873878479,1.4909228086471558,1.2023497819900513,49,1,17.7578125,3,4
0.796272873878479,1.4909228086471558,1.1822280138731003,49,1,17.7578125,3,4
0.796272873878479,1.4909228086471558,1.1866729902103543,49,1,17.7578125,3,4
0.796272873878479,1.4909228086471558,1.1877882024273276,49,1,17.7578125,3,4
0.796272873878479,1.4909228086471558,1.195677942596376,49,1,17.7578125,1,4
0.796272873878479,1.4909228086471558,1.1930730026215315,49,1,17.7578125,3,4
0.796272873878479,1.4909228086471558,1.2009565196931362,49,1,17.7578125,3,4
0.796272873878479,1.4909228086471558,1.1954612582921982,49,1,17.7578125,3,4
0.796272873878479,1.4909228086471558,1.186451118439436,49,1,17.7578125,3,4
0.796272873878479,1.4909228086471558,1.2000589864328504,49,1,17.7578125,1,4
0.796272873878479,1.4909228086471558,1.190276712179184,49,1,17.7578125,3,4
0.796272873878479,1.4909228086471558,1.2075784327462316,49,1,17.7578125,3,4
0.796272873878479,1.4909228086471558,1.1971041625365615,49,1,17.7578125,3,4
0.796272873878479,1.4909228086471558,1.1994197443127632,49,1,17.7578125,1,4
0.796272873878479,1.4909228086471558,1.1812060987576842,49,1,17.7578125,3,4
0.796272873878479,1.4909228086471558,1.1900672921910882,49,1,17.7578125,1,4
0.796272873878479,1.4909228086471558,1.2038591699674726,49,1,17.7578125,3,4
0.796272873878479,1.4909228086471558,1.1875122264027596,49,1,17.7578125,3,4
0.796272873878479,1.4909228086471558,1.2048518089577556,49,1,17.7578125,3,4
0.796272873878479,1.4909228086471558,1.2050647120922804,49,1,17.7578125,3,4
0.796272873878479,1.4909228086471558,1.2132505271583796,49,1,17.7578125,3,4
0.796272873878479,1.4909228086471558,1.1981614287942648,49,1,17.7578125,1,4
0.796272873878479,1.4909228086471558,1.1901020435616374,49,1,17.7578125,3,4
0.796272873878479,1.4909228086471558,1.2052842192351818,49,1,17.7578125,3,4
0.796272873878479,1.4909228086471558,1.1963844140991569,49,1,17.7578125,3,4
0.796272873878479,1.4909228086471558,1.196709486655891,49,1,17.7578125,3,4
0.796272873878479,1.4909228086471558,1.1791385309770703,49,1,17.7578125,3,4
0.796272873878479,1.4909228086471558,1.1913651833310723,49,1,17.7578125,3,4
0.796272873878479,1.4909228086471558,1.2006127061322331,49,1,17.7578125,3,4
0.796272873878479,1.4909228086471558,1.187579964287579,49,1,17.7578125,3,4
0.796272873878479,1.4909228086471558,1.2035279078409076,49,1,17.7578125,3,4
0.796272873878479,1.4909228086471558,1.204771931283176,49,1,17.7578125,3,4
0.796272873878479,1.4909228086471558,1.1951299086213112,49,1,17.7578125,3,4
0.796272873878479,1.4909228086471558,1.192795915529132,49,1,17.7578125,3,4
0.796272873878479,1.4909228086471558,1.1985162487253547,49,1,17.7578125,3,4
0.796272873878479,1.4909228086471558,1.2088702293112874,49,1,17.7578125,3,4
0.796272873878479,1.4909228086471558,1.2051844773814082,49,1,17.7578125,3,4
0.796272873878479,1.4909228086471558,1.1820012424141169,49,1,17.7578125,3,4
0.796272873878479,1.4909228086471558,1.1887801587581635,49,1,17.7578125,3,4
0.796272873878479,1.4909228086471558,1.181173201650381,49,1,17.7578125,3,4
0.796272873878479,1.4909228086471558,1.1996634816750884,49,1,17.7578125,3,4
0.796272873878479,1.4909228086471558,1.1972340857610106,49,1,17.7578125,3,4
0.796272873878479,1.4909228086471558,1.1836648397147655,49,1,17.7578125,3,4
0.796272873878479,1.4909228086471558,1.1942563159391284,49,1,17.7578125,3,4
0.796272873878479,1.4909228086471558,1.1905280239880085,49,1,17.7578125,3,4
0.796272873878479,1.4909228086471558,1.1944034975022078,49,1,17.7578125,3,4
0.796272873878479,1.4909228086471558,1.186292084865272,49,1,17.7578125,3,4
0.796272873878479,1.4909228086471558,1.197074381634593,49,1,17.7578125,3,4
0.796272873878479,1.4909228086471558,1.182459226809442,49,1,17.7578125,3,4
0.796272873878479,1.4909228086471558,1.1978691425174475,49,1,17.7578125,3,4
0.796272873878479,1.4909228086471558,1.1899748146533966,49,1,17.7578125,3,4
0.796272873878479,1.4909228086471558,1.1996402703225613,49,1,17.7578125,3,4
0.796272873878479,1.4909228086471558,1.1967097986489534,49,1,17.7578125,3,4
0.796272873878479,1.4909228086471558,1.200789451599121,49,1,17.7578125,3,4
0.796272873878479,1.4909228086471558,1.1873399103060365,49,1,17.7578125,3,4
0.796272873878479,1.4909228086471558,1.1865479089319706,49,1,17.7578125,3,4
0.796272873878479,1.4909228086471558,1.2090593511238694,49,1,17.7578125,3,4
0.796272873878479,1.4909228086471558,1.1995448283851147,49,1,17.7578125,3,4
0.796272873878479,1.4909228086471558,1.1905947793275118,49,1,17.7578125,3,4
0.796272873878479,1.4909228086471558,1.184705400839448,49,1,17.7578125,1,4
0.796272873878479,1.4909228086471558,1.19667511805892,49,1,17.7578125,3,4
0.796272873878479,1.4909228086471558,1.1767663098871708,49,1,17.7578125,3,4
0.796272873878479,1.4909228086471558,1.1942483810707927,49,1,17.7578125,3,4
0.796272873878479,1.4909228086471558,1.1810443885624409,49,1,17.7578125,3,4
0.796272873878479,1.4909228086471558,1.1985162487253547,49,1,17.7578125,3,4
0.796272873878479,1.4909228086471558,1.2090869136154652,49,1,17.7578125,3,4
0.796272873878479,1.4909228086471558,1.1970825651660562,49,1,17.7578125,1,4
0.796272873878479,1.4909228086471558,1.1887681018561125,49,1,17.7578125,3,4
0.796272873878479,1.4909228086471558,1.1914648497477174,49,1,17.7578125,1,4
0.796272873878479,1.4909228086471558,1.190069057047367,49,1,17.7578125,3,4
0.796272873878479,1.4909228086471558,1.1917363135144114,49,1,17.7578125,1,4
0.796272873878479,1.4909228086471558,1.1998198386281729,49,1,17.7578125,3,4
0.796272873878479,1.4909228086471558,1.2014453383162618,49,1,17.7578125,3,4
0.796272873878479,1.4909228086471558,1.1917549595236778,49,1,17.7578125,3,4
0.796272873878479,1.4909228086471558,1.184826860204339,49,1,17.7578125,3,4
0.796272873878479,1.4909228086471558,1.1953824143856764,49,1,17.7578125,1,4
0.796272873878479,1.4909228086471558,1.189778353087604,49,1,17.7578125,3,4
0.796272873878479,1.4909228086471558,1.186186918988824,49,1,17.7578125,3,4
0.796272873878479,1.4909228086471558,1.1849366137757897,49,1,17.7578125,3,4
0.796272873878479,1.4909228086471558,1.179314506240189,49,1,17.7578125,3,4
0.796272873878479,1.4909228086471558,1.177067025564611,49,1,17.7578125,3,4
0.796272873878479,1.4909228086471558,1.1944001503288746,49,1,17.7578125,3,4
0.796272873878479,1.4909228086471558,1.1951684774830937,49,1,17.7578125,3,4
0.796272873878479,1.4909228086471558,1.1994322687387466,49,1,17.7578125,3,4
0.796272873878479,1.4909228086471558,1.1986507419496775,49,1,17.7578125,3,4
0.796272873878479,1.4909228086471558,1.1912729050964117,49,1,17.7578125,3,4
0.796272873878479,1.4909228086471558,1.1953844912350178,49,1,17.7578125,3,4
0.796272873878479,1.4909228086471558,1.2087933868169785,49,1,17.7578125,3,4
0.796272873878479,1.4909228086471558,1.1955691715702415,49,1,17.7578125,3,4
0.796272873878479,1.4909228086471558,1.208713872358203,49,1,17.7578125,3,4
0.796272873878479,1.4909228086471558,1.1875122264027596,49,1,17.7578125,3,4
0.796272873878479,1.4909228086471558,1.2092183846980333,49,1,17.7578125,3,4
0.796272873878479,1.4909228086471558,1.1917190374806523,49,1,17.7578125,3,4
0.796272873878479,1.4909228086471558,1.1820862563326955,49,1,17.7578125,3,4
0.796272873878479,1.4909228086471558,1.1958546349778771,49,1,17.7578125,3,4
0.796272873878479,1.4909228086471558,1.195690706372261,49,1,17.7578125,1,4
0.796272873878479,1.4909228086471558,1.1994368564337492,49,1,17.7578125,3,4
0.796272873878479,1.4909228086471558,1.2010874198749661,49,1,17.7578125,3,4
0.796272873878479,1.4909228086471558,1.1927572460845113,49,1,17.7578125,3,4
0.796272873878479,1.4909228086471558,1.1887592608109117,49,1,17.7578125,3,4
0.796272873878479,1.4909228086471558,1.1859913691878319,49,1,17.7578125,1,4
0.796272873878479,1.4909228086471558,1.1879309425130486,49,1,17.7578125,3,4
0.796272873878479,1.4909228086471558,1.1821255246177316,49,1,17.7578125,3,4
0.796272873878479,1.4909228086471558,1.1821109959855676,49,1,17.7578125,3,4
0.796272873878479,1.4909228086471558,1.2021605847403407,49,1,17.7578125,3,4
0.796272873878479,1.4909228086471558,1.1871271673589945,49,1,17.7578125,3,4
0.796272873878479,1.4909228086471558,1.189197146333754,49,1,17.7578125,3,4
0.796272873878479,1.4909228086471558,1.1902637537568808,49,1,17.7578125,3,4
0.796272873878479,1.4909228086471558,1.174169228412211,49,1,17.7578125,3,4
0.796272873878479,1.4909228086471558,1.2026088647544384,49,1,17.7578125,1,4
0.796272873878479,1.4909228086471558,1.190567216835916,49,1,17.7578125,3,4
0.796272873878479,1.4909228086471558,1.199837114661932,49,1,17.7578125,1,4
0.796272873878479,1.4909228086471558,1.2037964025512338,49,1,17.7578125,3,4
0.796272873878479,1.4909228086471558,1.1834855834022164,49,1,17.7578125,3,4
0.796272873878479,1.4909228086471558,1.1782451514154673,49,1,17.7578125,3,4
0.796272873878479,1.4909228086471558,1.1983953891322017,49,1,17.7578125,3,4
0.796272873878479,1.4909228086471558,1.1848604464903474,49,1,17.7578125,3,4
0.796272873878479,1.4909228086471558,1.203791432082653,49,1,17.7578125,3,4
0.796272873878479,1.4909228086471558,1.2038244185969234,49,1,17.7578125,3,4
0.796272873878479,1.4909228086471558,1.191129146143794,49,1,17.7578125,3,4
0.796272873878479,1.4909228086471558,1.1902144737541676,49,1,17.7578125,3,4
0.796272873878479,1.4909228086471558,1.1944375783205032,49,1,17.7578125,3,4
0.796272873878479,1.4909228086471558,1.1823914889246225,49,1,17.7578125,3,4
0.796272873878479,1.4909228086471558,1.1950936214998364,49,1,17.7578125,3,4
0.796272873878479,1.4909228086471558,1.1871438436210155,49,1,17.7578125,3,4
0.796272873878479,1.4909228086471558,1.1892781667411327,49,1,17.7578125,3,4
0.796272873878479,1.4909228086471558,1.2038591699674726,49,1,17.7578125,3,4
0.796272873878479,1.4909228086471558,1.1886625410988927,49,1,17.7578125,3,4
0.796272873878479,1.4909228086471558,1.1945525901392102,49,1,17.7578125,3,4
0.796272873878479,1.4909228086471558,1.186724022962153,49,1,17.7578125,3,4
0.796272873878479,1.4909228086471558,1.1820478457957506,49,1,17.7578125,3,4
0.796272873878479,1.4909228086471558,1.1809921618551016,49,1,17.7578125,3,4
0.796272873878479,1.4909228086471558,1.1846376629546285,49,1,17.7578125,1,4
0.796272873878479,1.4909228086471558,1.1984569570049644,49,1,17.7578125,3,4
0.796272873878479,1.4909228086471558,1.1955677410587668,49,1,17.7578125,3,4
0.796272873878479,1.4909228086471558,1.1904481975361705,49,1,17.7578125,3,4
0.796272873878479,1.4909228086471558,1.195492167957127,49,1,17.7578125,3,4
0.796272873878479,1.4909228086471558,1.1862619211897254,49,1,17.7578125,3,4
0.796272873878479,1.4909228086471558,1.1887586899101734,49,1,17.7578125,3,4
0.796272873878479,1.4909228086471558,1.1847080774605274,49,1,17.7578125,3,4
0.796272873878479,1.4909228086471558,1.2035233909264207,49,1,17.7578125,3,4
0.796272873878479,1.4909228086471558,1.187579964287579,49,1,17.7578125,3,4
0.796272873878479,1.4909228086471558,1.194203688763082,49,1,17.7578125,3,4
0.796272873878479,1.4909228086471558,1.1810516528785229,49,1,17.7578125,3,4
0.796272873878479,1.4909228086471558,1.1956257158890367,49,1,17.7578125,3,4
0.796272873878479,1.4909228086471558,1.196360807865858,49,1,17.7578125,3,4
0.796272873878479,1.4909228086471558,1.1956341620534658,49,1,17.7578125,1,4
0.796272873878479,1.4909228086471558,1.1778836380690336,49,1,17.7578125,3,4
0.796272873878479,1.4909228086471558,1.194373333826661,49,1,17.7578125,3,4
0.796272873878479,1.4909228086471558,1.1888114344328642,49,1,17.7578125,3,4
0.796272873878479,1.4909228086471558,1.1956934537738562,49,1,17.7578125,1,4
0.796272873878479,1.4909228086471558,1.1984394816681743,49,1,17.7578125,3,4
0.796272873878479,1.4909228086471558,1.1817891458049417,49,1,17.7578125,1,4
0.796272873878479,1.4909228086471558,1.1858094362542033,49,1,17.7578125,3,4
0.796272873878479,1.4909228086471558,1.200443061068654,49,1,17.7578125,3,4
0.796272873878479,1.4909228086471558,1.1903505325317383,49,1,17.7578125,3,4
0.796272873878479,1.4909228086471558,1.2036541914567351,49,1,17.7578125,3,4
0.796272873878479,1.4909228086471558,1.1792436968535185,49,1,17.7578125,3,4
0.796272873878479,1.4909228086471558,1.2006274340674281,49,1,17.7578125,3,4
0.796272873878479,1.4909228086471558,1.1957161165773869,49,1,17.7578125,3,4
0.796272873878479,1.4909228086471558,1.1955316727980971,49,1,17.7578125,3,4
0.796272873878479,1.4909228086471558,1.204866485670209,49,1,17.7578125,3,4
0.796272873878479,1.4909228086471558,1.186299349181354,49,1,17.7578125,3,4
0.796272873878479,1.4909228086471558,1.1821255246177316,49,1,17.7578125,3,4
0.796272873878479,1.4909228086471558,1.1858962150290608,49,1,17.7578125,3,4
0.796272873878479,1.4909228086471558,1.1905297888442874,49,1,17.7578125,3,4
0.796272873878479,1.4909228086471558,1.191337096504867,49,1,17.7578125,3,4
0.796272873878479,1.4909228086471558,1.1965418653562665,49,1,17.7578125,3,4
0.796272873878479,1.4909228086471558,1.1956886295229197,49,1,17.7578125,1,4
0.796272873878479,1.4909228086471558,1.183432050049305,49,1,17.7578125,3,4
0.796272873878479,1.4909228086471558,1.1834435677155852,49,1,17.7578125,3,4
0.796272873878479,1.4909228086471558,1.1957629565149546,49,1,17.7578125,3,4
0.796272873878479,1.4909228086471558,1.1852080021053553,49,1,17.7578125,3,4
0.796272873878479,1.4909228086471558,1.195676177740097,49,1,17.7578125,1,4
0.796272873878479,1.4909228086471558,1.1930936248973012,49,1,17.7578125,3,4
0.796272873878479,1.4909228086471558,1.1902564894407988,49,1,17.7578125,3,4
0.796272873878479,1.4909228086471558,1.2073985766619444,49,1,17.7578125,1,4
0.796272873878479,1.4909228086471558,1.192804685793817,49,1,17.7578125,3,4
0.796272873878479,1.4909228086471558,1.2020926298573613,49,1,17.7578125,3,4
0.796272873878479,1.4909228086471558,1.1884860321879387,49,1,17.7578125,3,4
0.796272873878479,1.4909228086471558,1.1954323649406433,49,1,17.7578125,1,4
0.796272873878479,1.4909228086471558,1.1958419466391206,49,1,17.7578125,3,4
0.796272873878479,1.4909228086471558,1.2010874198749661,49,1,17.7578125,3,4
0.796272873878479,1.4909228086471558,1.1898760180920362,49,1,17.7578125,3,4
0.796272873878479,1.4909228086471558,1.1916092839092016,49,1,17.7578125,3,4
0.796272873878479,1.4909228086471558,1.2060732692480087,49,1,17.7578125,3,4
0.796272873878479,1.4909228086471558,1.2053592214360833,49,1,17.7578125,3,4
0.796272873878479,1.4909228086471558,1.183918952010572,49,1,17.7578125,3,4
0.796272873878479,1.4909228086471558,1.1914352858439088,49,1,17.7578125,3,4
0.796272873878479,1.4909228086471558,1.195677942596376,49,1,17.7578125,1,4
0.796272873878479,1.4909228086471558,1.2034974517300725,49,1,17.7578125,3,4
0.796272873878479,1.4909228086471558,1.1921887984499335,49,1,17.7578125,3,4
0.796272873878479,1.4909228086471558,1.1982047902420163,49,1,17.7578125,3,4
0.796272873878479,1.4909228086471558,1.2007995918393135,49,1,17.7578125,3,4
0.796272873878479,1.4909228086471558,1.2013690946623683,49,1,17.7578125,1,4
0.796272873878479,1.4909228086471558,1.1942608328536153,49,1,17.7578125,3,4
0.796272873878479,1.4909228086471558,1.1914300983771682,49,1,17.7578125,3,4
0.796272873878479,1.4909228086471558,1.1732918182387948,49,1,17.7578125,3,4
0.796272873878479,1.4909228086471558,1.1901277657598257,49,1,17.7578125,3,4
0.796272873878479,1.4909228086471558,1.1967344097793102,49,1,17.7578125,1,4
0.796272873878479,1.4909228086471558,1.1984367342665792,49,1,17.7578125,1,4
0.796272873878479,1.4909228086471558,1.1742372252047062,49,1,17.7578125,1,4
0.796272873878479,1.4909228086471558,1.199307550676167,49,1,17.7578125,3,4
0.796272873878479,1.4909228086471558,1.209223572164774,49,1,17.7578125,1,4
0.796272873878479,1.4909228086471558,1.2005735663697124,49,1,17.7578125,1,4
0.796272873878479,1.4909228086471558,1.1956835128366947,49,1,17.7578125,3,4
0.796272873878479,1.4909228086471558,1.1994587201625109,49,1,17.7578125,3,4
0.796272873878479,1.4909228086471558,1.2008443549275398,49,1,17.7578125,3,4
0.796272873878479,1.4909228086471558,1.1972559317946434,49,1,17.7578125,3,4
0.796272873878479,1.4909228086471558,1.2049275422468781,49,1,17.7578125,3,4
0.796272873878479,1.4909228086471558,1.1817471301183105,49,1,17.7578125,3,4
0.796272873878479,1.4909228086471558,1.1807582015171647,49,1,17.7578125,1,4
0.796272873878479,1.4909228086471558,1.1902218088507652,49,1,17.7578125,1,4
0.796272873878479,1.4909228086471558,1.1944349016994238,49,1,17.7578125,3,4
0.796272873878479,1.4909228086471558,1.1997358072549105,49,1,17.7578125,3,4
0.796272873878479,1.4909228086471558,1.1912901811301708,49,1,17.7578125,3,4
0.796272873878479,1.4909228086471558,1.2024175198748708,49,1,17.7578125,3,4
0.796272873878479,1.4909228086471558,1.1863114768639207,49,1,17.7578125,3,4
0.796272873878479,1.4909228086471558,1.1904616560786963,49,1,17.7578125,3,4
0.796272873878479,1.4909228086471558,1.191845084540546,49,1,17.7578125,3,4
0.796272873878479,1.4909228086471558,1.190025276504457,49,1,17.7578125,3,4
0.796272873878479,1.4909228086471558,1.1864465307444334,49,1,17.7578125,3,4
0.796272873878479,1.4909228086471558,1.1914878245443106,49,1,17.7578125,3,4
0.796272873878479,1.4909228086471558,1.1916837748140097,49,1,17.7578125,1,4
0.796272873878479,1.4909228086471558,1.1900652153417468,49,1,17.7578125,3,4
0.796272873878479,1.4909228086471558,1.203427566215396,49,1,17.7578125,3,4
0.796272873878479,1.4909228086471558,1.1927158301696181,49,1,17.7578125,3,4
0.796272873878479,1.4909228086471558,1.195039083249867,49,1,17.7578125,1,4
0.796272873878479,1.4909228086471558,1.1999262580648065,49,1,17.7578125,3,4
0.796272873878479,1.4909228086471558,1.2076546754688025,49,1,17.7578125,3,4
0.796272873878479,1.4909228086471558,1.1813651323318481,49,1,17.7578125,3,4
